symbol,direction,signal_ms,entry_ms,exit_ms,entry_price,exit_price,impulse_bps,entry_spread_bps,pnl_bps,pnl_usdt,mfe_bps,mae_bps,hold_ms,signal_to_fill_ms,exit_decision_to_fill_ms,exit_reason
LINK_USDT,LONG,1786831099376,1786831099549,1786831101494,9.572,9.573,1.5670296984193635,1.0447683226238789,1.0447137484342062,1.0447137484342062,1.0447137484342062,-1.0447137484323505,1945,173,339,binance_target_caught
DOGE_USDT,SHORT,1786831106975,1786831107169,1786831170868,0.06993,0.06994,-2.8589807928265474,1.4298991921064022,-1.4300014300008754,-1.4300014300008754,0.0,-1.4300014300008754,63699,194,637,timeout
LINK_USDT,LONG,1786831237578,1786831237741,1786831247289,9.571,9.573,2.089536652851469,1.0448774881139395,2.0896458050367444,2.0896458050367444,2.0896458050367444,-1.044822902517444,9548,163,331,binance_target_caught
XRP_USDT,LONG,1786831276085,1786831276252,1786831281492,1.0038,1.004,1.9925280265170797,0.9962640099625302,1.992428770671229,1.992428770671229,1.992428770671229,-0.9962143853356145,5240,167,385,binance_target_caught
DOGE_USDT,SHORT,1786831367258,1786831367422,1786831371749,0.06996,0.06993,-4.2887777640947355,1.4292860716086617,4.288164665521494,4.288164665521494,5.717552887363976,-1.4293882218424816,4327,164,401,binance_target_caught
DOGE_USDT,LONG,1786831374155,1786831374344,1786831405584,0.06995,0.06996,2.8597984037046564,1.4296947601681496,1.4295925661181021,1.4295925661181021,1.4295925661181021,-1.4295925661181021,31240,189,868,binance_target_caught
LINK_USDT,LONG,1786831466812,1786831466958,1786831469814,9.572,9.574,2.089318367483197,1.0447683226238789,2.089427496866557,2.089427496866557,2.089427496866557,-1.0447137484323505,2856,146,333,binance_target_caught
LINK_USDT,SHORT,1786831486324,1786831486506,1786831520390,9.573,9.568,-1.5666205415990515,1.0445500600610496,5.223023085762855,5.223023085762855,6.267627702914684,-3.133813851457342,33884,182,353,binance_target_caught
XRP_USDT,LONG,1786831526844,1786831527020,1786831539485,1.0039,1.0036,1.9925280265170797,0.9961647656521293,-2.988345452734007,-2.988345452734007,0.0,-2.988345452734007,12465,176,345,live_adverse_cut
LINK_USDT,LONG,1786831727655,1786831727830,1786831735440,9.561,9.562,2.091722017770653,1.0459703990371274,1.0459156991940652,1.0459156991940652,2.0918313983899885,-1.0459156991940652,7610,175,182,binance_target_caught
LINK_USDT,SHORT,1786831925546,1786831925646,1786831932279,9.559,9.559,-4.185194934227419,1.046079815891231,-0.0,-0.0,3.1384035987029124,-1.0461345329022096,6633,100,62,positive_trailing_stop
LINK_USDT,LONG,1786831939483,1786831939569,1786831954805,9.56,9.564,2.091940805703609,1.046079815891231,4.184100418409581,4.184100418409581,4.184100418409581,-1.0460251046037887,15236,86,63,binance_target_caught
LINK_USDT,LONG,1786831994101,1786831994210,1786832003927,9.562,9.569,2.091503275600052,1.0458610050718464,7.3206442166925845,7.3206442166925845,8.366450533362158,-1.045806316669573,9717,109,2010,binance_target_caught
LINK_USDT,SHORT,1786832057400,1786832057585,1786832087187,9.565,9.564,-2.0906287642115986,1.0454236579386567,1.0454783063245643,1.0454783063245643,1.0454783063245643,-1.0454783063264215,29602,185,336,binance_target_caught
LINK_USDT,SHORT,1786832120707,1786832120884,1786832131378,9.564,9.559,-2.0912845791684602,1.0455329604259982,5.227938101213699,5.227938101213699,5.227938101213699,-1.0455876202419967,10494,177,349,binance_target_caught
LINK_USDT,LONG,1786832188446,1786832188596,1786832191410,9.556,9.552,2.616636590273051,1.0465177123117009,-4.185851820845081,-4.185851820845081,0.0,-6.278777731266692,2814,150,219,live_adverse_cut
LINK_USDT,SHORT,1786832290410,1786832290503,1786832299855,9.551,9.55,-3.140703543405121,2.0938023450593257,1.0470107842104972,1.0470107842104972,1.0470107842104972,-2.0940215684228543,9352,93,65,binance_target_caught
XRP_USDT,LONG,1786832318774,1786832318844,1786832381492,1.0038,1.0038,1.9925280265170797,0.9962640099625302,0.0,0.0,0.0,-0.9962143853356145,62648,70,607,timeout
LINK_USDT,LONG,1786832422787,1786832422958,1786832434671,9.552,9.548,2.094131204972371,3.141196795979387,-4.187604690116792,-4.187604690116792,0.0,-4.187604690116792,11713,171,2234,live_adverse_cut
LINK_USDT,LONG,1786832520455,1786832520564,1786832523168,9.552,9.554,2.093692758236732,1.04695597550065,2.0938023450593257,2.0938023450593257,2.0938023450593257,-1.0469011725287332,2604,109,365,binance_target_caught
LINK_USDT,SHORT,1786832612226,1786832612394,1786832662803,9.556,9.569,-2.0928164153214883,1.046408203841597,-13.604018417749767,-13.604018417749767,0.0,-13.604018417749767,50409,168,1159,live_adverse_cut
LINK_USDT,SHORT,1786832689209,1786832689273,1786832696404,9.571,9.568,-2.0897549838330223,1.0447683226238789,3.134468707554188,3.134468707554188,3.134468707554188,-1.044822902517444,7131,64,62,binance_target_caught
DOGE_USDT,LONG,1786832772150,1786832772285,1786832836347,0.06988,0.06989,2.1464601377457124,1.4311270125218067,1.4310246136227995,1.4310246136227995,1.4310246136227995,-1.4310246136227995,64062,135,836,timeout
LINK_USDT,SHORT,1786832909091,1786832909241,1786832910858,9.573,9.571,-2.0893183674839193,1.0445500600610496,2.089209234305513,2.089209234305513,2.089209234305513,-1.0446046171518288,1617,150,226,binance_target_caught
XRP_USDT,LONG,1786832974968,1786832975103,1786832976377,1.0049,1.0047,1.9905449182424584,0.995173408966403,-1.9902477858491192,-1.9902477858491192,0.0,-1.9902477858491192,1274,135,366,live_adverse_cut
LINK_USDT,LONG,1786832978420,1786832978552,1786832988270,9.575,9.577,2.088663784940414,1.044440962973989,2.0887728459537005,2.0887728459537005,2.0887728459537005,-1.0443864229759225,9718,132,1162,binance_target_caught
LINK_USDT,SHORT,1786832990147,1786832990282,1786832993431,9.576,9.575,-2.0884456818985226,2.0883366398651892,1.04427736006811,1.04427736006811,1.04427736006811,-2.08855472013251,3149,135,1184,binance_target_caught
XRP_USDT,LONG,1786833083228,1786833083329,1786833084512,1.0051,1.0052,1.9897527797856678,0.9949753743615843,0.9949258780219777,0.9949258780219777,1.9898517560439555,-0.9949258780241867,1183,101,107,binance_target_caught
XRP_USDT,LONG,1786833088022,1786833088123,1786833110221,1.0054,1.0055,1.9895548436671426,0.9946784701844034,0.994629003381629,0.9946290033816289,1.989258006763258,-0.994629003381629,22098,101,670,binance_target_caught
LINK_USDT,SHORT,1786833127508,1786833127682,1786833130907,9.578,9.576,-2.088227624399273,1.044004802423367,2.0881186051356146,2.0881186051356146,2.0881186051356146,-1.044059302569662,3225,174,1165,binance_target_caught
LINK_USDT,SHORT,1786833212757,1786833212923,1786833223379,9.57,9.566,-2.0897549838330223,1.0448774881139395,4.179728317658891,4.179728317658891,4.179728317658891,-1.044932079414259,10456,166,304,binance_target_caught
XRP_USDT,LONG,1786833237324,1786833237528,1786833298727,1.0051,1.0051,1.9897527797856678,0.9949753743615843,0.0,0.0,0.9949258780219777,-0.9949258780241867,61199,204,302,timeout
LINK_USDT,LONG,1786833302474,1786833302657,1786833307891,9.558,9.56,2.0925974442031214,1.04629871828349,2.092487968194882,2.092487968194882,2.092487968194882,-1.0462439840965116,5234,183,366,binance_target_caught
LINK_USDT,SHORT,1786833332561,1786833332753,1786833346009,9.559,9.552,-1.5692428435503034,1.046079815891231,7.322941730306176,7.322941730306176,9.415210796106878,0.0,13256,192,334,positive_trailing_stop
XRP_USDT,LONG,1786833363079,1786833363271,1786833429744,1.0049,1.0048,1.9905449182424584,0.995173408966403,-0.9951238929245596,-0.9951238929245596,0.0,-0.9951238929245596,66473,192,1759,timeout
DOGE_USDT,SHORT,1786833439346,1786833439522,1786833449569,0.06987,0.06986,-2.8618444782866326,1.4311270125218067,1.4312294260764453,1.4312294260764453,1.4312294260764453,-1.4312294260764453,10047,176,343,binance_target_caught
LINK_USDT,SHORT,1786833507244,1786833507440,1786833524830,9.536,9.544,-2.096985590907697,1.0486027368544246,-8.389261744967381,-8.389261744967381,0.0,-8.389261744967381,17390,196,347,live_adverse_cut
LINK_USDT,LONG,1786833554158,1786833554319,1786833576153,9.546,9.543,2.0954476476706985,1.0476140589800909,-3.1426775612823317,-3.1426775612823317,0.0,-3.1426775612823317,21834,161,439,live_adverse_cut
LINK_USDT,SHORT,1786833642713,1786833642873,1786833667488,9.532,9.537,-3.145313508840621,1.0490427484914198,-5.2454888795643955,-5.2454888795643955,0.0,-5.2454888795643955,24615,160,333,live_adverse_cut
LINK_USDT,SHORT,1786833707969,1786833708137,1786833713319,9.536,9.534,-2.0974254179973304,1.0486027368544246,2.0973154362404482,2.0973154362404482,2.0973154362404482,-1.048657718122087,5182,168,1999,binance_target_caught
LINK_USDT,SHORT,1786833786027,1786833786235,1786833799415,9.529,9.528,-2.0989662668219053,1.049372999632138,1.0494280617057885,1.0494280617057885,2.098856123413441,-1.0494280617057885,13180,208,187,binance_target_caught
LINK_USDT,SHORT,1786833803059,1786833803224,1786833837219,9.528,9.53,-2.099186572916895,1.0494831295581106,-2.099076406380029,-2.099076406380029,1.0495382031918787,-3.1486146095719074,33995,165,2768,live_adverse_cut
LINK_USDT,SHORT,1786833863591,1786833863751,1786833875417,9.529,9.527,-1.574183395616444,1.049372999632138,2.098856123413441,2.098856123413441,2.098856123413441,-1.0494280617057885,11666,160,335,binance_target_caught
LINK_USDT,SHORT,1786833895693,1786833895859,1786833901636,9.526,9.523,-3.1492756926254546,1.049703458772315,3.1492756665968025,3.1492756665968025,5.248792777660094,-1.0497585555316458,5777,166,314,binance_target_caught
LINK_USDT,SHORT,1786833917628,1786833917791,1786833923762,9.523,9.526,-2.100288797427608,1.0500341261085169,-3.150267772760804,-3.150267772760804,1.0500892575863128,-3.150267772760804,5971,163,338,live_adverse_cut
LINK_USDT,LONG,1786833966954,1786833967118,1786833988495,9.526,9.524,2.0996273238642273,1.0498136580751096,-2.0995171110651563,-2.0995171110651563,0.0,-2.0995171110651563,21377,164,1750,live_adverse_cut
LINK_USDT,LONG,1786834038545,1786834038726,1786834040912,9.528,9.528,2.099186572917121,1.049593282604274,0.0,0.0,1.0495382031900145,-1.0495382031918787,2186,181,179,binance_target_caught
XRP_USDT,SHORT,1786834070854,1786834071057,1786834078370,1.0047,1.0049,-1.9903468245033478,0.9952724558346752,-1.9906439733251515,-1.9906439733251515,0.0,-1.9906439733251515,7313,203,2339,live_adverse_cut
DOGE_USDT,LONG,1786834079147,1786834079307,1786834083538,0.06994,0.06992,2.8602073845326963,1.4298991921064022,-2.859593937661728,-2.859593937661728,0.0,-2.859593937661728,4231,160,345,live_adverse_cut
DOGE_USDT,LONG,1786834108076,1786834108256,1786834127753,0.06995,0.06992,2.144925472064276,1.4296947601681496,-4.28877769835629,-4.28877769835629,0.0,-4.28877769835629,19497,180,410,live_adverse_cut
XRP_USDT,SHORT,1786834138895,1786834139098,1786834141698,1.005,1.0046,-1.9901487701906317,0.9949753743615843,3.980099502487124,3.980099502487124,5.970149253730686,-0.9950248756239904,2600,203,358,binance_target_caught
LINK_USDT,LONG,1786834149276,1786834149470,1786834152205,9.534,9.537,3.1463031198202067,1.0489327109678734,3.146633102580358,3.146633102580358,3.146633102580358,0.0,2735,194,1143,binance_target_caught
LINK_USDT,LONG,1786834184254,1786834184414,1786834218112,9.536,9.533,3.1456433099910055,1.0487127051538419,-3.1459731543625358,-3.1459731543625358,1.048657718122087,-3.1459731543625358,33698,160,397,live_adverse_cut
LINK_USDT,SHORT,1786834221359,1786834221521,1786834242215,9.53,9.532,-2.0983056259113293,1.049262892819078,-2.098635886674363,-2.098635886674363,0.0,-2.098635886674363,20694,162,593,live_adverse_cut
LINK_USDT,SHORT,1786834250810,1786834251016,1786834254235,9.532,9.531,-2.0980855046789193,1.0490427484914198,1.0490977759121336,1.0490977759121336,1.0490977759121336,-1.0490977759121336,3219,206,1614,binance_target_caught
DOGE_USDT,SHORT,1786834255996,1786834256161,1786834318542,0.06986,0.06986,-2.8622540445843807,1.431331854289862,-0.0,-0.0,0.0,-1.4314342971652052,62381,165,874,timeout
LINK_USDT,LONG,1786834323877,1786834324042,1786834332965,9.527,9.523,1.5747618205301799,1.049703458772315,-4.19859347118669,-4.19859347118669,0.0,-2.099296735592413,8923,165,714,live_adverse_cut
LINK_USDT,SHORT,1786834345663,1786834345823,1786834365283,9.521,9.518,-2.10050938124686,1.0502546867609577,3.150929524209761,3.150929524209761,5.2515492070168905,-1.0503098414026317,19460,160,196,binance_target_caught
LINK_USDT,LONG,1786834368429,1786834368598,1786834373850,9.517,9.519,2.626671234664699,1.0508064939835504,2.1015025743413553,2.1015025743413553,3.1522538615110998,-1.0507512871697444,5252,169,197,positive_trailing_stop
LINK_USDT,LONG,1786834388620,1786834388805,1786834414664,9.517,9.517,1.5759199465295233,1.0508064939835504,0.0,0.0,2.1015025743413553,-2.101502574339489,25859,185,217,live_adverse_cut
LINK_USDT,LONG,1786834421490,1786834421654,1786834425209,9.517,9.519,1.5760855321710017,1.0508064939835504,2.1015025743413553,2.1015025743413553,2.1015025743413553,0.0,3555,164,385,binance_target_caught
LINK_USDT,SHORT,1786834438237,1786834438419,1786834441126,9.518,9.517,-2.1011714107887434,1.05058570152802,1.0506408909447595,1.0506408909447595,1.0506408909447595,-1.0506408909428933,2707,182,502,binance_target_caught
LINK_USDT,LONG,1786834444757,1786834444927,1786834455297,9.518,9.52,1.5759199465295233,1.0506960861583632,2.1012817818857865,2.1012817818857865,2.1012817818857865,-1.0506408909447595,10370,170,445,binance_target_caught
LINK_USDT,SHORT,1786834472928,1786834473096,1786834474336,9.519,9.517,-2.100950687911323,1.0504753400908091,2.101061035823792,2.101061035823792,2.101061035823792,-1.0505305179109632,1240,168,345,binance_target_caught
XRP_USDT,SHORT,1786834503525,1786834503688,1786834537519,1.004,1.0037,-1.9921310888136672,0.9959663363377221,2.988047808764611,2.988047808764611,2.988047808764611,-0.9960159362548704,33831,163,342,binance_target_caught
LINK_USDT,SHORT,1786834546742,1786834546927,1786834549565,9.517,9.517,-2.1011714107887434,2.1012817818876526,-0.0,-0.0,1.0507512871697444,-2.1015025743413553,2638,185,342,binance_target_caught
XRP_USDT,SHORT,1786834631503,1786834631670,1786834692723,1.004,1.0039,-1.9921310888136672,0.9959663363377221,0.9960159362548704,0.9960159362548704,0.9960159362548704,-0.9960159362548704,61053,167,893,timeout
LINK_USDT,SHORT,1786834792117,1786834792276,1786834798923,9.53,9.528,-2.0987460069678283,1.049262892819078,2.0986358866724992,2.0986358866724992,3.1479538300106125,-1.0493179433381135,6647,159,1775,binance_target_caught
LINK_USDT,SHORT,1786834809353,1786834809549,1786834814770,9.526,9.52,-2.0994069252561314,2.099296735594277,6.298551333193605,6.298551333193605,6.298551333193605,-2.0995171110651563,5221,196,200,binance_target_caught
LINK_USDT,SHORT,1786834824561,1786834824720,1786834835956,9.521,9.52,-2.10050938124686,1.0502546867609577,1.0503098414044973,1.0503098414044973,1.0503098414044973,-1.0503098414026317,11236,159,355,binance_target_caught
XRP_USDT,LONG,1786834838097,1786834838257,1786834838992,1.0033,1.0034,2.990132584820333,0.9967605282829702,0.9967108541810922,0.9967108541810922,1.9934217083621844,-0.9967108541810922,735,160,168,binance_target_caught
LINK_USDT,SHORT,1786834860309,1786834860492,1786834867081,9.52,9.522,-2.1007300114003242,1.0503650018394224,-2.1008403361351555,-2.1008403361351555,0.0,-2.1008403361351555,6589,183,333,live_adverse_cut
DOGE_USDT,LONG,1786834954937,1786834955115,1786834964469,0.06984,0.06985,2.864303635768885,1.43194673158103,1.431844215348815,1.431844215348815,1.431844215348815,-1.431844215348815,9354,178,346,binance_target_caught
LINK_USDT,SHORT,1786835000630,1786835000860,1786835066222,9.53,9.531,-2.0987460069678283,1.049262892819078,-1.0493179433381135,-1.0493179433381135,1.0493179433362496,-1.0493179433381135,65362,230,426,timeout
XRP_USDT,LONG,1786835097075,1786835097249,1786835137191,1.0036,1.0034,1.9927265546939004,0.9964625579192763,-1.9928258270224988,-1.992825827022499,0.9964129135112494,-1.9928258270224988,39942,174,234,live_adverse_cut
XRP_USDT,SHORT,1786835156327,1786835156540,1786835169303,1.0032,1.0034,-1.9933223766604842,0.9967605282829702,-1.9936204146728265,-1.9936204146728265,0.0,-1.9936204146728265,12763,213,1133,live_adverse_cut
LINK_USDT,LONG,1786835176970,1786835177166,1786835200942,9.532,9.53,2.098305625910834,1.049152809106065,-2.0981955518261306,-2.0981955518261306,0.0,-2.0981955518261306,23776,196,663,live_adverse_cut
LINK_USDT,LONG,1786835226955,1786835227115,1786835289089,9.534,9.53,2.0976454007374907,1.0489327109678734,-4.19551080344172,-4.19551080344172,1.0488777008594983,-4.19551080344172,61974,160,426,live_adverse_cut
LINK_USDT,SHORT,1786835328505,1786835328666,1786835331266,9.529,9.528,-2.0987460069678283,1.049372999632138,1.0494280617057885,1.0494280617057885,1.0494280617057885,-1.0494280617057885,2600,161,837,binance_target_caught
LINK_USDT,LONG,1786835346132,1786835346307,1786835363761,9.528,9.524,2.0989662668228686,1.049593282604274,-4.198152812763786,-4.198152812763786,1.0495382031900145,-4.198152812763786,17454,175,664,live_adverse_cut
LINK_USDT,SHORT,1786835412208,1786835412374,1786835426881,9.525,9.523,-2.0994069252561314,2.0995171110632915,2.0997375328091,2.0997375328091,2.0997375328091,-2.099737532807235,14507,166,463,binance_target_caught
XRP_USDT,SHORT,1786835439018,1786835439181,1786835440925,1.0025,1.0027,-1.994316205443323,0.9974564859606903,-1.9950124688277104,-1.9950124688277104,0.0,-1.9950124688277104,1744,163,647,live_adverse_cut
XRP_USDT,SHORT,1786835451942,1786835452106,1786835459480,1.0025,1.0025,-1.995111982276943,0.9974564859606903,-0.0,-0.0,0.9975062344138552,-2.992518703241566,7374,164,175,live_adverse_cut
DOGE_USDT,SHORT,1786835468418,1786835468583,1786835480659,0.06973,0.06972,-2.867589094138792,1.4340001433994587,1.434102968592589,1.434102968592589,1.434102968592589,-1.434102968592589,12076,165,925,binance_target_caught
LINK_USDT,LONG,1786835503901,1786835504104,1786835513165,9.515,9.517,1.5764996485535188,1.0510273792645142,2.1019442984749253,2.1019442984749253,2.1019442984749253,-1.0509721492393296,9061,203,1409,binance_target_caught
DOGE_USDT,SHORT,1786835515857,1786835516015,1786835530796,0.06969,0.06968,-2.8696463357827295,1.4348231580452147,1.4349261013052264,1.4349261013052264,1.4349261013052264,-1.4349261013052264,14781,158,566,binance_target_caught
XRP_USDT,SHORT,1786835540772,1786835540932,1786835553382,1.0017,1.0016,-1.996306838989462,0.9982530571498777,0.9983028850952279,0.998302885095228,1.9966057701904558,-0.9983028850952279,12450,160,352,binance_target_caught
LINK_USDT,SHORT,1786835564356,1786835564547,1786835570404,9.515,9.514,-2.1018338577728066,1.0509169250164951,1.0509721492393296,1.0509721492393296,1.0509721492393296,-1.0509721492374626,5857,191,337,binance_target_caught
XRP_USDT,SHORT,1786835576642,1786835576842,1786835580531,1.0015,1.0013,-1.9971042055487562,0.9984523987817782,1.9970044932598898,1.9970044932598898,1.9970044932598898,-0.9985022466299449,3689,200,542,binance_target_caught
DOGE_USDT,SHORT,1786835581224,1786835581481,1786835613476,0.06957,0.06965,-2.870882098237692,2.8743891922955225,-11.499209429351263,-11.499209429351263,11.499209429353257,-12.936610608019672,31995,257,370,positive_trailing_stop
LINK_USDT,LONG,1786835634672,1786835634874,1786835640958,9.518,9.516,2.1013921800468225,1.0506960861583632,-2.1012817818876526,-2.1012817818876526,0.0,-3.151922672830546,6084,202,1520,live_adverse_cut
XRP_USDT,SHORT,1786835642820,1786835642981,1786835710071,1.0017,1.0012,-1.996107596827098,0.9982530571498777,4.99151442547614,4.99151442547614,4.99151442547614,-0.9983028850952279,67090,161,336,binance_target_caught
LINK_USDT,LONG,1786835712960,1786835713146,1786835717031,9.516,9.516,2.1018338577736353,1.0509169250164951,0.0,0.0,1.0508617065988293,-1.0508617065988293,3885,186,159,binance_target_caught
LINK_USDT,LONG,1786835736406,1786835736565,1786835747065,9.52,9.522,2.1011714107891093,1.0504753400908091,2.1008403361351555,2.1008403361351555,2.1008403361351555,-1.0504201680666447,10500,159,378,binance_target_caught
DOGE_USDT,SHORT,1786835818282,1786835818446,1786835883200,0.06961,0.06962,-2.8725314380630382,2.872737719045137,-1.4365752047114095,-1.4365752047114095,0.0,-2.873150409422819,64754,164,2697,timeout
LINK_USDT,LONG,1786835911137,1786835911297,1786835915875,9.513,9.515,2.1022757212021883,1.051248357423859,2.102386208347175,2.102386208347175,2.102386208347175,-1.051193104172654,4578,160,2249,binance_target_caught
XRP_USDT,LONG,1786835917288,1786835917447,1786835978356,1.0014,1.0013,1.997104205550101,0.998651820042832,-0.9986019572597261,-0.9986019572597261,0.9986019572597261,-0.9986019572597261,60909,159,355,timeout
LINK_USDT,LONG,1786835982934,1786835983112,1786836003318,9.504,9.507,2.104266407894424,1.052243910137787,3.156565656565776,3.156565656565776,3.156565656565776,-1.052188552187969,20206,178,1327,binance_target_caught
LINK_USDT,SHORT,1786836056291,1786836056466,1786836069849,9.504,9.507,-2.1042664078936797,1.052133200064414,-3.156565656565776,-3.156565656565776,0.0,-3.156565656565776,13383,175,1483,live_adverse_cut
LINK_USDT,SHORT,1786836072634,1786836072818,1786836078659,9.505,9.504,-2.1040450343247348,1.0520225132812009,1.052077853762464,1.052077853762464,1.052077853762464,-1.052077853760595,5841,184,2254,binance_target_caught
