symbol,direction,signal_ms,entry_ms,exit_ms,entry_price,exit_price,impulse_bps,entry_spread_bps,pnl_bps,pnl_usdt,mfe_bps,mae_bps,hold_ms,signal_to_fill_ms,exit_decision_to_fill_ms,exit_reason,requested_notional_usdt,filled_notional_usdt,fill_ratio,entry_base_qty,entry_limit_price,entry_depth_levels,exit_depth_levels,entry_book_levels,entry_visible_notional_usdt,equity_before_usdt,equity_after_usdt
LINK_USDT,LONG,1786834038546,1786834038726,1786834040913,9.528,9.528,2.099186572917121,1.049593282604274,0.0,0.0,1.0495382031900145,-1.0495382031918787,2187,180,163,binance_target_caught,10000.0,9995.002498750626,1.0,1049.013696342425,9.532764,1,1,20,141832.03519999998,60.0,60.0
DOGE_USDT,LONG,1786834075811,1786834075984,1786834079642,0.06992,0.06992,2.1458460080198654,1.430308231423317,0.0,0.0,1.430205949658181,-1.4302059496561963,3658,173,168,binance_target_caught,10000.0,9995.002498750624,1.0,142949.12040547232,0.06995496,1,1,20,451741.05799999996,60.0,60.0
DOGE_USDT,LONG,1786834108076,1786834108281,1786834127768,0.06995,0.06992,2.144925472064276,1.4296947601681496,-4.28877769835629,-4.286634381165707,0.0,-4.28877769835629,19487,205,371,live_adverse_cut,10000.0,9995.002498750626,1.0,142887.8127055129,0.06998497499999999,1,1,20,535885.2890000001,60.0,55.713365618834295
LINK_USDT,LONG,1786834128815,1786834129014,1786834131901,9.532232483069082,9.532756835576599,1.573687940930724,1.049152809106065,0.5500836330295816,0.5105406969973345,1.8542528563565872,-1.2929637115656074,2887,199,1533,binance_target_caught,9285.560936472382,9281.146835537269,1.0,973.6593030040144,9.536766,2,2,20,97088.96680000002,55.713365618834295,56.22390631583163
DOGE_USDT,SHORT,1786834138971,1786834139139,1786834142264,0.06992,0.06989,-5.721233081753839,2.8600028600037364,4.290617848970573,4.022599566075647,4.290617848970573,-2.8604118993143772,3125,168,321,binance_target_caught,9370.651052638605,9375.338721999606,1.0,134086.65220251153,0.06988504,1,1,20,748345.645,56.22390631583163,60.246505881907275
LINK_USDT,LONG,1786834149269,1786834149471,1786834152224,9.534247050767823,9.537,2.0976454007374907,1.0489327109678734,2.887432240343067,2.8979212251964532,2.887432240343067,-1.307969849305117,2753,202,1163,binance_target_caught,10041.084313651214,10036.326341123558,1.0,1052.6606125981707,9.538767,2,1,20,89399.48100000001,60.246505881907275,63.14442710710373
LINK_USDT,LONG,1786834184254,1786834184414,1786834218130,9.536117548388987,9.532765051278544,3.1456433099910055,1.0487127051538419,-3.5155786340001836,-3.698016578559631,0.9253782858027686,-3.2692008809327424,33716,160,415,live_adverse_cut,10524.071184517288,10518.941441943687,1.0,1103.0633157118261,9.540768,2,2,20,107304.46380000001,63.14442710710373,59.4464105285441
LINK_USDT,SHORT,1786834250810,1786834250978,1786834254249,9.532806093950706,9.531,-2.0980855046789193,1.0489327109678734,1.894608925121528,1.878029165405123,1.894608925121528,-0.20340920331606233,3271,168,1628,binance_target_caught,9907.735088090683,9912.489804642182,1.0,1039.8291654051807,9.5282335,2,1,20,94549.31720000002,59.4464105285441,61.32443969394922
DOGE_USDT,SHORT,1786834255986,1786834256154,1786834318563,0.06986,0.06986,-2.146613725104226,1.431331854289862,-0.0,-0.0,0.0,-1.4314342971652052,62409,168,895,timeout,10220.739948991537,10225.852875429253,1.0,146376.36523660537,0.06982507,1,1,20,461651.499,61.32443969394922,61.32443969394922
LINK_USDT,LONG,1786834323878,1786834324042,1786834334239,9.525784896571118,9.526,1.5747618205301799,1.0499238805199456,0.2258117637735343,0.23069999999909543,0.2258117637735343,-2.923535017172556,10197,164,174,live_adverse_cut,10220.739948991537,10216.473940235617,1.0,1072.5073105433148,9.5297625,2,1,20,84198.8252,61.32443969394922,61.55513969394832
LINK_USDT,SHORT,1786834346931,1786834347100,1786834365301,9.52,9.518188172788163,-1.5756716332918714,1.0503650018394224,1.9031798443664012,1.9534850955924736,4.201680672268445,-1.0504201680685106,18201,169,214,binance_target_caught,10259.189948991387,10264.322110046409,1.0,1078.1850955931102,9.51524,1,2,20,92268.0798,61.55513969394832,63.5086247895408
LINK_USDT,LONG,1786834368429,1786834368598,1786834414666,9.517176082432357,9.516688352137527,3.151922698925531,1.0508064939835504,-0.5124737533550614,-0.5421806677986206,2.9671801206401858,-2.286479112615408,46068,169,164,live_adverse_cut,10584.770798256799,10579.676798061837,1.0,1111.640333900172,9.521758499999999,2,2,20,129919.5047,63.5086247895408,62.96644412174218
LINK_USDT,LONG,1786834421490,1786834421654,1786834425223,9.517211631902414,9.518393503560736,1.5760855321710017,1.0508064939835504,1.241825551466855,1.30260000000289,1.879088294717437,-1.2730954708971536,3569,164,363,binance_target_caught,10494.407353623696,10489.396022366003,1.0,1102.1501284267708,9.521758499999999,2,2,20,124060.24050000001,62.96644412174218,64.26904412174507
LINK_USDT,SHORT,1786834438237,1786834438437,1786834441148,9.517885646026466,9.51726800094764,-2.1011714107887434,1.05058570152802,0.6489309724832177,0.6954422581930277,0.9305071098811604,-1.1707999181515092,2711,200,472,binance_target_caught,10711.507353624178,10716.73702877563,1.0,1125.957741806833,9.513241,2,2,20,74409.8125,64.26904412174507,64.9644863799381
LINK_USDT,LONG,1786834444757,1786834444927,1786834455316,9.518324804443937,9.52,1.5759199465295233,1.0506960861583632,1.7599688920895287,1.9047039288641419,1.7599688920895287,-1.391846224158098,10389,170,440,binance_target_caught,10827.41439665635,10822.372698887739,1.0,1137.0039288672904,9.522759,2,1,20,119523.5567,64.9644863799381,66.86919030880223
LINK_USDT,SHORT,1786834473188,1786834473370,1786834474353,9.515566243650134,9.517362495845289,-3.6771465757217636,1.0508064939835504,-1.8876986919752543,-2.1047712079447947,0.0,-1.5067483249583211,983,182,362,live_adverse_cut,11144.865051467039,11149.932014533524,1.0,1171.7570693151365,9.511242000000001,2,2,20,109447.1343,66.86919030880223,64.76441910085744
XRP_USDT,SHORT,1786834503525,1786834503688,1786834537537,1.004,1.0037,-1.9921310888136672,0.9959663363377221,2.988047808764611,3.2269331429086203,2.988047808764611,-0.9960159362548704,33849,163,302,binance_target_caught,10794.069850142905,10799.469584935372,1.0,10756.443809696586,1.003498,1,1,20,953392.6118000001,64.76441910085744,67.99135224376606
LINK_USDT,SHORT,1786834546742,1786834546929,1786834549582,9.519,9.517,-2.1011714107887434,1.0504753400908091,2.101061035823792,2.3820907282365753,3.1515915537347556,-1.0505305179109632,2653,187,359,binance_target_caught,11331.892040627677,11337.560821038194,1.0,1191.04536411789,9.514240500000001,1,1,20,98038.34950000001,67.99135224376606,70.37344297200264
XRP_USDT,SHORT,1786834631503,1786834631661,1786834692742,1.004,1.0039,-1.9921310888136672,0.9959663363377221,0.9960159362548704,1.168802245943604,0.9960159362548704,-0.9960159362548704,61081,158,807,timeout,11728.907162000438,11734.774549275076,1.0,11688.022459437327,1.003498,1,1,20,1250784.4418000001,70.37344297200264,71.54224521794625
LINK_USDT,SHORT,1786834792117,1786834792305,1786834798953,9.53,9.528172313145603,-2.0987460069678283,1.049262892819078,1.9178246111186243,2.287901927858279,3.1479538300106125,-1.0493179433381135,6648,188,1774,binance_target_caught,11923.707536324373,11929.672372510628,1.0,1251.8019278605066,9.525235,1,2,20,87813.5349,71.54224521794625,73.83014714580452
LINK_USDT,SHORT,1786834809353,1786834809549,1786834814794,9.525915135681172,9.52,-2.0994069252561314,2.099296735594277,6.209519607220268,7.644583326872174,6.209519607220268,-2.1886236536149406,5245,196,173,binance_target_caught,12305.024524300754,12311.070437692557,1.0,1292.3766653745467,9.521237000000001,2,1,20,104845.60150000002,73.83014714580452,81.4747304726767
LINK_USDT,SHORT,1786834824560,1786834824740,1786834835979,9.521724772708751,9.520272914410542,-2.10050938124686,1.0501443948537104,1.524784986823131,2.0715000000014467,1.8114078593145706,-0.28905192895098086,11239,180,343,binance_target_caught,13579.121745446117,13585.522010663217,1.0,1426.792134299256,9.517239,2,2,20,79109.51440000001,81.4747304726767,83.54623047267815
XRP_USDT,LONG,1786834838097,1786834838257,1786834899988,1.0033,1.0032,3.9866447929218136,0.9967605282829702,-0.9967108541810922,-1.3871636638019895,1.9934217083621844,-0.9967108541810922,61731,160,161,timeout,13924.371745446357,13917.413038926894,1.0,13871.636638021422,1.00380165,1,1,20,1293949.6091,83.54623047267815,82.15906680887616
DOGE_USDT,LONG,1786834954937,1786834955114,1786834964504,0.06982,0.06985,2.864303635768885,1.4323569433497279,4.296763105127793,5.880693770050117,4.296763105127793,-1.4322543683752684,9390,177,381,binance_target_caught,13693.17780147936,13686.33463416228,1.0,196023.12566832255,0.06985490999999999,1,1,20,628711.559,82.15906680887616,88.03976057892628
LINK_USDT,SHORT,1786835000629,1786835000883,1786835066247,9.53,9.531445751856467,-2.0987460069678283,1.049262892819078,-1.5170533646035946,-2.2271304819935804,1.0493179433362496,-1.0493179433381135,65364,254,451,timeout,14673.293429821048,14680.633746694393,1.0,1540.465240996264,9.525235,1,2,20,98342.7179,88.03976057892628,85.8126300969327
XRP_USDT,LONG,1786835097075,1786835097249,1786835137212,1.0036,1.0034,1.9927265546939004,0.9964625579192763,-1.9928258270224988,-2.848736057669427,0.9964129135112494,-1.9928258270224988,39963,174,255,live_adverse_cut,14302.10501615545,14294.95753738676,1.0,14243.680288348703,1.0041018,1,1,20,936904.7045,85.8126300969327,82.96389403926327
XRP_USDT,SHORT,1786835156328,1786835156493,1786835169339,1.0032,1.0034,-1.9933223766604842,0.9967605282829702,-1.9936204146728265,-2.758020891069342,0.0,-1.9936204146728265,12846,165,1169,live_adverse_cut,13827.315673210544,13834.232789605345,1.0,13790.10445534823,1.0026984,1,1,20,1514855.4458,82.96389403926327,80.20587314819393
LINK_USDT,LONG,1786835176987,1786835177166,1786835200962,9.532372688456745,9.53,2.098305625910834,1.049152809106065,-2.4890848630146647,-3.325787612940806,0.0,-2.4890848630146647,23796,179,628,live_adverse_cut,13367.645524698988,13361.48743804888,1.0,1401.695870979637,9.536766,2,1,20,129291.826,80.20587314819393,76.88008553525313
LINK_USDT,LONG,1786835226955,1786835227115,1786835289117,9.534096324424146,9.529471453778884,2.0976454007374907,1.0489327109678734,-4.850874679558716,-6.212550860386293,0.94783558410147,-4.296499935345654,62002,160,397,live_adverse_cut,12813.347589208855,12807.073508960344,1.0,1343.2918100640109,9.538767,2,2,20,131579.17780000003,76.88008553525313,70.66753467486684
LINK_USDT,SHORT,1786835328505,1786835328663,1786835331288,9.53,9.528,-2.0987460069678283,1.049262892819078,2.0986358866724992,2.472993568306632,2.0986358866724992,0.0,2625,158,859,binance_target_caught,11777.92244581114,11783.814352987634,1.0,1236.4967841540015,9.525235,1,1,20,73109.3439,70.66753467486684,73.14052824317348
LINK_USDT,LONG,1786835346132,1786835346307,1786835363783,9.528204696393024,9.523836280901968,2.0989662668228686,1.049593282604274,-4.584720448658971,-5.5861415884820875,0.834683586591264,-4.412894692130614,17476,175,639,live_adverse_cut,12190.088040528912,12184.257799439072,1.0,1278.756931413482,9.532764,2,2,20,93806.50880000001,73.14052824317348,67.55438665469138
LINK_USDT,SHORT,1786835412208,1786835412374,1786835426859,9.525,9.523,-1.5745138720953322,2.0995171110632915,2.0997375328091,2.3652906647449337,2.0997375328091,-2.099737532807235,14485,166,378,binance_target_caught,11259.064442448564,11264.696790843984,1.0,1182.6453323720718,9.5202375,1,1,20,89092.2464,67.55438665469138,69.91967731943632
XRP_USDT,SHORT,1786835439022,1786835439181,1786835440954,1.0025,1.0027,-3.989030219936398,0.9974564859606903,-1.9950124688277104,-2.326006804547032,0.0,-1.9950124688277104,1773,159,615,live_adverse_cut,11653.279553239387,11659.109107793282,1.0,11630.034022736441,1.00199875,1,1,20,822163.5175,69.91967731943632,67.59367051488928
XRP_USDT,SHORT,1786835451958,1786835452126,1786835459429,1.0025,1.002781828918915,-1.995111982276943,0.9974564859606903,-2.8112610365589936,-3.168641858204348,0.9975062344138552,-2.992518703241566,7303,168,181,live_adverse_cut,11265.611752481547,11271.247376169631,1.0,11243.139527351253,1.00199875,1,3,20,1244375.1538999998,67.59367051488928,64.42502865668493
DOGE_USDT,SHORT,1786835468419,1786835468597,1786835476930,0.06975,0.06973,-2.867589094138792,1.4335889900360006,2.8673835125456804,3.080394613397721,2.8673835125456804,0.0,8333,178,346,binance_target_caught,10737.504776114156,10742.876214221264,1.0,154019.7306698389,0.06971512500000002,1,1,20,802440.4720000001,64.42502865668493,67.50542327008264
XRP_USDT,LONG,1786835508580,1786835508754,1786835520156,1.0021,1.0019,1.9961075968259814,0.9979541939023898,-1.995808801516595,-2.244343126978746,0.0,-1.995808801516595,11402,174,1055,live_adverse_cut,11250.903878347108,11245.281237728244,1.0,11221.715634894965,1.00260105,1,1,20,813724.6613,67.50542327008264,65.2610801431039
LINK_USDT,SHORT,1786835521849,1786835522083,1786835531396,9.515,9.518148638995683,-2.101612995703936,2.1017234131976585,-3.309131892467176,-3.6010925735934873,0.0,-3.152916447714255,9313,234,380,live_adverse_cut,10876.846690517317,10882.287834434534,1.0,1143.6981433982694,9.5102425,1,2,20,115975.3783,65.2610801431039,61.659987569510406
XRP_USDT,SHORT,1786835540772,1786835540932,1786835553405,1.0017,1.0016,-1.996306838989462,0.9982530571498777,0.9983028850952279,1.0264356092309175,1.9966057701904558,-0.9983028850952279,12473,160,338,binance_target_caught,10276.6645949184,10281.805497667234,1.0,10264.356092310305,1.0011991500000001,1,1,20,1082597.9879,61.659987569510406,62.68642317874132
LINK_USDT,SHORT,1786835564357,1786835564549,1786835570427,9.514804768079074,9.514396037076727,-2.1018338577728066,1.0509169250164951,0.42957371413240086,0.44902262971361584,0.8458061922347404,-1.256181235516175,5878,192,360,binance_target_caught,10447.737196456887,10452.749200925748,1.0,1098.5773702886006,9.5102425,2,2,20,77560.9928,62.68642317874132,63.13544580845494
XRP_USDT,SHORT,1786835576642,1786835576843,1786835580582,1.0015,1.0013,-1.9971042055487562,0.9984523987817782,1.9970044932598898,2.1024140230690476,1.9970044932598898,-0.9985022466299449,3739,201,533,binance_target_caught,10522.574301409157,10527.838220519416,1.0,10512.070115346396,1.00099925,1,1,20,1592048.3976000003,63.13544580845494,65.23785983152399
DOGE_USDT,SHORT,1786835581302,1786835581565,1786835612400,0.06957,0.06965,-4.307250604998614,2.8743891922955225,-11.499209429351263,-12.509318207859872,11.499209429353257,-12.936610608019672,30835,263,168,positive_trailing_stop,10872.976638587332,10878.415846510585,1.0,156366.47759825477,0.06953521500000001,1,1,20,1240027.775,65.23785983152399,52.72854162366412
LINK_USDT,SHORT,1786835612661,1786835612829,1786835613375,9.517,9.516,-2.101612995703936,1.0506960861583632,1.0507512871697444,0.9238716521869023,2.101502574339489,-1.050751287171611,546,168,174,binance_target_caught,8788.090270610688,8792.486513867621,1.0,923.8716521874143,9.5122415,1,1,20,76741.4457,52.72854162366412,53.652413275851025
LINK_USDT,LONG,1786835634697,1786835634874,1786835640949,9.518177228032718,9.516,2.1013921800468225,1.0506960861583632,-2.2874422072173344,-2.0444624330535888,0.0,-3.3380635352740016,6075,177,1429,live_adverse_cut,8942.068879308505,8937.766500079888,1.0,939.0208110179523,9.522759,2,1,20,121711.83490000002,53.652413275851025,51.607950842797436
XRP_USDT,SHORT,1786835642829,1786835643000,1786835710089,1.0017,1.0012,-2.994310831836176,0.9982530571498777,4.99151442547614,4.295511607488526,4.99151442547614,-0.9983028850952279,67089,171,309,binance_target_caught,8601.325140466239,8605.62795444346,1.0,8591.023214977997,1.0011991500000001,1,1,20,926071.0147,51.607950842797436,55.903462450285964
LINK_USDT,LONG,1786835712960,1786835713146,1786835717030,9.516185897878291,9.516,2.1018338577736353,1.0509169250164951,-0.19534914543060558,-0.18192415384406824,0.8554920326745886,-1.2461903235357996,3884,186,158,binance_target_caught,9317.243741714328,9312.76937214418,1.0,978.6241538451382,9.520757999999999,2,1,20,93392.95880000002,55.903462450285964,55.7215382964419
LINK_USDT,LONG,1786835736408,1786835736566,1786835747088,9.52,9.521792386190437,2.1011714107891093,1.0504753400908091,1.8827586034011208,1.7476296122334003,2.1008403361351555,-1.0504201680666447,10522,158,358,binance_target_caught,9286.923049406983,9282.281908452758,1.0,975.0296122324326,9.524759999999999,1,2,20,126449.05410000001,55.7215382964419,57.4691679086753
DOGE_USDT,SHORT,1786835818279,1786835818446,1786835879239,0.06961,0.06962,-2.8725314380630382,2.872737719045137,-1.4365752047114095,-1.3766680282307755,0.0,-2.873150409422819,60793,167,752,timeout,9578.194651445885,9582.986144518143,1.0,137666.8028231309,0.069575195,1,1,20,497606.672,57.4691679086753,56.09249988044453
LINK_USDT,LONG,1786835911137,1786835911297,1786835915901,9.513000000000002,9.515,2.1022757212021883,1.051248357423859,2.1023862083453078,1.9644860593079698,2.1023862083453078,-1.051193104174521,4604,160,2275,binance_target_caught,9348.749980074088,9344.077941103538,1.0,982.2430296545293,9.517756499999999,1,1,20,93151.9318,56.09249988044453,58.0569859397525
XRP_USDT,LONG,1786835917288,1786835917448,1786835978377,1.0014,1.0013,1.997104205550101,0.998651820042832,-0.9986019572597261,-0.9657807728142138,0.9986019572597261,-0.9986019572597261,60929,160,375,timeout,9676.164323292083,9671.328658962602,1.0,9657.807728143202,1.0019007,1,1,20,1181949.2607,58.0569859397525,57.09120516693829
LINK_USDT,LONG,1786835982934,1786835983112,1786836003343,9.504,9.507,2.104266407894424,1.052243910137787,3.156565656565776,3.002034608061103,3.156565656565776,-1.052188552187969,20231,178,1297,binance_target_caught,9515.200861156382,9510.445638337213,1.0,1000.6782026869963,9.508752,1,1,20,103729.7181,57.09120516693829,60.09323977499939
LINK_USDT,SHORT,1786836056290,1786836056495,1786836069879,9.504,9.507,-2.1042664078936797,1.052133200064414,-3.156565656565776,-3.1630524739959243,0.0,-3.156565656565776,13384,205,1455,live_adverse_cut,10015.539962499899,10020.550237618709,1.0,1054.3508246652682,9.499248,1,1,20,86601.1693,60.09323977499939,56.930187301003464
LINK_USDT,SHORT,1786836072634,1786836072844,1786836078694,9.504875595198184,9.504,-2.1040450343247348,1.0520225132812009,0.9212063739445933,0.8745000000002471,0.9212063739445933,-1.1829768738730404,5850,210,2243,binance_target_caught,9488.364550167245,9492.986856524341,1.0,998.7491957622412,9.500247500000002,2,1,20,80692.9478,56.930187301003464,57.80468730100371
LINK_USDT,SHORT,1786836121804,1786836121965,1786836123792,9.502,9.50129072146486,-2.1049308081740787,1.052354643514281,0.7464518366031954,0.7195000000017946,3.1572300568302607,-1.052410018942797,1827,161,179,binance_target_caught,9634.114550167285,9638.934017175872,1.0,1014.4110731610052,9.497249000000002,1,2,20,121395.0412,57.80468730100371,58.524187301005504
LINK_USDT,SHORT,1786836152833,1786836153004,1786836155958,9.500972987633453,9.498,-2.1049308081740787,1.0524654002012546,3.12914018103572,3.0536912687447146,3.12914018103572,-1.08095493786186,2954,171,1179,binance_target_caught,9754.031216834252,9758.882926535964,1.0,1027.1456343722068,9.4962495,2,1,20,115153.24320000001,58.524187301005504,61.57787856975022
LINK_USDT,LONG,1786836171419,1786836171594,1786836191385,9.49931622503466,9.496977972292655,2.105817328127028,1.0527978101818414,-2.4614958451880806,-2.52504977838085,0.0,-2.4383071157854093,19791,175,336,live_adverse_cut,10262.979761625036,10258.192323651529,1.0,1079.8874445948977,9.5037495,2,2,20,84312.9381,61.57787856975022,59.05282879136937
LINK_USDT,SHORT,1786836203885,1786836204047,1786836204395,9.492044070730426,9.494151469678346,-4.2125217831069115,2.1059281878476273,-2.2201740027934687,-2.1853082759201947,0.0,-6.274654042050954,348,162,221,live_adverse_cut,9842.138131894895,9842.959485025025,0.9999999999999998,1036.9694253081566,9.491252000000001,5,2,20,30336.477700000003,59.05282879136937,56.86752051544918
LINK_USDT,LONG,1786836206159,1786836206333,1786836215623,9.496111966277738,9.494,2.106260868195862,1.0531304302050677,-2.2240326201270175,-2.106891752579265,0.0,-2.2240326201270175,9290,174,596,live_adverse_cut,9477.920085908198,9473.295191411977,1.0,997.5972508594268,9.500748,2,1,20,100689.4117,56.86752051544918,54.76062876286991
DOGE_USDT,SHORT,1786836233854,1786836234034,1786836246150,0.06952,0.06952,-2.8762493906480615,1.4383315354183563,-0.0,-0.0,2.876869965476445,-1.4384349827382226,12116,180,208,binance_target_caught,9126.771460478318,9131.337129042839,1.0,131348.3476559672,0.06948524,1,1,20,517406.45999999996,54.76062876286991,54.76062876286991
LINK_USDT,SHORT,1786836265173,1786836265336,1786836269085,9.489,9.486999999999998,-2.107814730888238,1.053796301174399,2.1077036568684204,1.9246152658981972,2.107703656866548,-1.0538518284323382,3749,163,1269,binance_target_caught,9126.771460478318,9131.337129042839,1.0,962.3076329479226,9.484255500000002,1,1,20,137951.0796,54.76062876286991,56.68524402876811
LINK_USDT,LONG,1786836276955,1786836277125,1786836283855,9.488,9.488860296631202,2.107814730888771,1.054018445322209,0.9067207327177202,0.8562000000007894,2.1079258010125086,-1.0539629005053182,6730,170,208,binance_target_caught,9447.540671461351,9442.819261830437,1.0,995.238117815181,9.492743999999998,1,2,20,110876.40650000001,56.68524402876811,57.5414440287689
DOGE_USDT,LONG,1786836297715,1786836297898,1786836312579,0.06952,0.06953,2.877076909725058,1.4385384449393834,1.4384349827382226,1.3788043652882658,1.4384349827382226,-1.4384349827382226,14681,183,596,binance_target_caught,9590.240671461483,9585.447947487739,1.0,137880.43652888003,0.06955476,1,1,20,617209.158,57.5414440287689,58.92024839405717
DOGE_USDT,LONG,1786836313033,1786836313196,1786836338636,0.06954,0.06952,2.8758358095986036,1.4381246854116634,-2.8760425654308492,-2.8228742686501254,1.4380212827144265,-2.8760425654308492,25440,163,988,live_adverse_cut,9820.041399009528,9815.133832093481,1.0,141143.71343246306,0.06957477,1,1,20,655081.524,58.92024839405717,56.09737412540704
LINK_USDT,LONG,1786836339889,1786836340075,1786836343414,9.481245163499143,9.480757880196423,2.1095933837022964,1.0547966879378154,-0.5139444179711472,-0.4802878196967892,0.7961364650317158,-1.3132911106821612,3339,186,207,binance_target_caught,9349.562354234507,9345.131553189716,1.0,985.6439098491581,9.485740499999999,2,2,20,80416.8877,56.09737412540704,55.61708630571025
LINK_USDT,SHORT,1786836351968,1786836352132,1786836395245,9.47184392773115,9.48,-2.1102611526468738,6.33245382585776,-8.61086007231513,-7.985710466653729,0.0,-8.61086007231513,43113,164,318,live_adverse_cut,9269.514384285043,9273.998647740977,1.0,979.1122740725349,9.467264,2,1,20,131991.6565,55.61708630571025,47.631375839056524
LINK_USDT,SHORT,1786836411778,1786836411942,1786836416456,9.483,9.484,-2.108481374105832,1.0544630147091747,-1.0545186122529218,-0.8375549833166456,0.0,-3.1635558367606387,4514,164,197,live_adverse_cut,7938.562639842754,7942.533906796152,1.0,837.5549833171098,9.4782585,1,1,20,86281.0537,47.631375839056524,46.79382085573988
LINK_USDT,LONG,1786836423847,1786836424037,1786836431899,9.486,9.487984977150024,2.108259112853377,1.0542406831492512,2.0925333649834763,1.631144951119363,2.1083702298111864,-1.0541851149074657,7862,190,1794,binance_target_caught,7798.970142623313,7795.072606320154,1.0,821.7449511195607,9.490743,1,2,20,97078.15480000002,46.79382085573988,48.42496580685924
LINK_USDT,SHORT,1786836432319,1786836432519,1786836433589,9.487,9.487066087638937,-2.108036898453046,1.054018445322209,-0.06966126165958865,-0.05625052882988586,1.0540739959939347,-1.0540739959939347,1070,200,188,binance_target_caught,8070.827634476541,8074.865067010046,1.0,851.1505288299827,9.4822565,1,2,20,81499.3135,48.42496580685924,48.368715278029356
LINK_USDT,SHORT,1786836457675,1786836457844,1786836477864,9.485,9.488123763388465,-2.1087036822304612,1.0542406831492512,-3.293372048988678,-2.656264381226505,1.0542962572477026,-3.1628887717449805,20020,169,205,live_adverse_cut,8061.452546338226,8065.485288982716,1.0,850.3410953065595,9.4802575,1,2,20,107259.508,48.368715278029356,45.71245089680285
LINK_USDT,SHORT,1786836483593,1786836483757,1786836490373,9.487,9.489,-1.5811526635832454,1.054018445322209,-2.1081479919897417,-1.606946999616885,0.0,-2.1081479919897417,6616,164,856,live_adverse_cut,7618.741816133808,7622.553092680148,1.0,803.4734998081742,9.4822565,1,1,20,77006.1128,45.71245089680285,44.10550389718596
LINK_USDT,LONG,1786836491620,1786836491799,1786836497418,9.49,9.492,2.1075926101524898,1.053796301174399,2.107481559537058,1.5484180599268575,2.107481559537058,-1.053740779767593,5619,179,1774,binance_target_caught,7350.9173161976605,7347.243694350485,1.0,774.2090299631702,9.494745,1,1,20,136434.4451,44.10550389718596,45.65392195711282
LINK_USDT,SHORT,1786836501694,1786836501892,1786836517145,9.491,9.489,-2.1071485090857633,1.0535742506466017,2.1072595090073665,1.604213126023115,2.1072595090073665,-1.0536297545055548,15253,198,619,binance_target_caught,7608.986992852137,7612.7933895469105,1.0,802.106563012002,9.4862545,1,1,20,91329.85650000001,45.65392195711282,47.25813508313593
LINK_USDT,LONG,1786836522665,1786836522840,1786836544774,9.491000677013881,9.488926263542329,2.107370536223955,1.053685264210996,-2.1856636008639776,-1.7206462279502464,1.0529163574290619,-2.1079726806107,21934,175,1011,live_adverse_cut,7876.355847189322,7872.420198927624,1.0,829.4615569877396,9.4957455,2,2,20,186327.8836,47.25813508313593,45.537488855185686
LINK_USDT,SHORT,1786836558213,1786836558397,1786836559012,9.486,9.486,-3.6885786217191234,2.1081479919878694,-0.0,-0.0,1.0541851149074657,-2.1083702298111864,615,184,176,binance_target_caught,7589.581475864281,7593.378164946754,1.0,800.4826233340452,9.481257000000001,1,1,20,59258.226,45.537488855185686,45.537488855185686
LINK_USDT,SHORT,1786836602764,1786836602933,1786836610358,9.489,9.486,-2.107814730888238,1.053796301174399,3.1615554852988863,2.4006886389336204,6.323110970597773,-1.0538518284323382,7425,169,330,positive_trailing_stop,7589.581475864281,7593.378164946755,1.0,800.2295463111765,9.484255500000002,1,1,20,83328.94260000001,45.537488855185686,47.93817749411931
LINK_USDT,SHORT,1786836613792,1786836613972,1786836618262,9.48393325003985,9.483,-1.581569447375685,1.054351837207492,0.9840326953440834,0.7865999999986575,0.9840326953440834,-1.1247969930032988,4290,180,880,binance_target_caught,7989.696249019885,7993.636834633931,1.0,842.8609337376286,9.479258,2,1,20,78096.8151,47.93817749411931,48.724777494117966
LINK_USDT,LONG,1786836657102,1786836657313,1786836662155,9.480055473256218,9.481,1.5822367586609325,1.054907959281842,0.99633039748143,0.8086999999999857,0.99633039748143,-0.05851575064555432,4842,211,2997,binance_target_caught,8120.796249019661,8116.785376058532,1.0,856.1959789113524,9.48474,2,1,20,96781.58450000001,48.724777494117966,49.53347749411795
LINK_USDT,SHORT,1786836662446,1786836662636,1786836675590,9.479903615805965,9.485,-1.5821533139558266,1.0547966879378154,-5.375987352379333,-4.440364200676307,0.0,-5.375987352379333,12954,190,353,live_adverse_cut,8255.579582352993,8259.62545970475,1.0,871.2773667796971,9.47526,2,1,20,56939.507900000004,49.53347749411795,45.09311329344165
LINK_USDT,SHORT,1786836679614,1786836679789,1786836683556,9.484,9.482010138648446,-2.1089260372368726,1.054351837207492,2.098124579875218,1.5776383088889088,2.1088148460572205,-1.0544074230276737,3767,175,342,binance_target_caught,7515.518882240274,7519.278521501024,1.0,792.8383088887626,9.479258,1,2,20,67390.62090000001,45.09311329344165,46.670751602330554
LINK_USDT,LONG,1786836694804,1786836694969,1786836721704,9.481431230582242,9.48,2.1093708879580464,1.0547966879378154,-1.5095090049538784,-1.1736319195718246,0.5998771745797722,-1.5095090049538784,26735,165,164,live_adverse_cut,7778.458600388426,7774.924930690848,1.0,820.0159597859996,9.485740499999999,2,1,20,76699.6081,46.670751602330554,45.49711968275873
LINK_USDT,SHORT,1786836734208,1786836734369,1786836735034,9.467190377590448,9.47,-7.387863132860953,5.277880403230887,-2.967746815573701,-2.2506189749005827,0.0,-9.30542437427441,665,161,181,live_adverse_cut,7582.853280459788,7583.594945128468,1.0,801.03965830025,9.466264500000001,5,1,20,13492.520900000001,45.49711968275873,43.24650070785815
LINK_USDT,LONG,1786836817024,1786836817201,1786836820692,9.471,9.472,2.11159795959509,1.055910458792509,1.0558547143907147,0.760653367537788,2.1117094287833047,-1.0558547143907147,3491,177,204,binance_target_caught,7207.7501179763585,7204.148043954382,1.0,760.6533675382095,9.475735499999999,1,1,20,95388.6308,43.24650070785815,44.00715407539593
LINK_USDT,SHORT,1786836846316,1786836846480,1786836861335,9.466972863887825,9.467,-2.111375040836672,1.056245048850748,-0.0286639800971624,-0.02103412661043779,0.0,-3.197575566866089,14855,164,172,live_adverse_cut,7334.525679232655,7338.173742494355,1.0,775.1341266104325,9.462266500000002,2,1,20,56159.5642,44.00715407539593,43.98611994878549
LINK_USDT,SHORT,1786836867648,1786836867809,1786836873710,9.463,9.467,-2.113606348686315,1.0566914989181828,-4.226989326853362,-3.1003645081408706,1.0567473317124019,-4.226989326853362,5901,161,424,live_adverse_cut,7331.019991464249,7334.6873351318145,1.0,775.0911270349588,9.458268499999999,1,1,20,88335.31520000001,43.98611994878549,40.88575544064462
LINK_USDT,SHORT,1786836875765,1786836875933,1786836895532,9.465,9.468,-4.226319466997911,2.112824846820904,-3.1695721077655716,-2.160919627306848,1.0565240359212316,-3.1695721077655716,19599,168,1231,live_adverse_cut,6814.292573440771,6817.701424152847,1.0,720.3065424355887,9.4602675,1,1,20,126033.8425,40.88575544064462,38.724835813337776
XRP_USDT,SHORT,1786836962100,1786836962276,1786836965538,1.0017,1.0015,-1.996705442664484,0.9982530571498777,1.9966057701904558,1.289281818152213,1.9966057701904558,-0.9983028850952279,3262,176,1444,binance_target_caught,6454.139302222962,6457.36798621607,1.0,6446.409090761775,1.0011991500000001,1,1,20,1121677.7599,38.724835813337776,40.01411763148999
LINK_USDT,LONG,1786836985363,1786836985549,1786836988311,9.472,9.475,2.1113750408365908,1.0557989758744084,3.1672297297298497,2.111176128125312,2.1114864864871916,-1.0557432432426583,2762,186,1425,binance_target_caught,6669.019605248332,6665.686761867399,1.0,703.725376041744,9.476735999999999,1,1,20,103382.58290000001,40.01411763148999,42.1252937596153
LINK_USDT,SHORT,1786837023879,1786837024051,1786837083866,9.473,9.467,-2.11092934447824,1.0555760806454273,6.333790773778346,4.449104501540003,5.278158978149246,-1.0556317956290993,59815,172,435,binance_target_caught,7020.882293269217,7024.3944905144745,1.0,741.5174169233056,9.4682635,1,1,20,71540.2352,42.1252937596153,46.57439826115531
LINK_USDT,SHORT,1786837092044,1786837092225,1786837100440,9.462969294660498,9.464,-2.1133830057026866,1.0566914989181828,-1.08919865150997,-0.8458997361565396,1.0243028697611307,-1.08919865150997,8215,181,176,binance_target_caught,7762.3997101925515,7766.257651750283,1.0,820.6998680776035,9.458268499999999,2,1,20,63115.8354,46.57439826115531,45.72849852499877
LINK_USDT,SHORT,1786837138839,1786837138999,1786837143948,9.463,9.466,-1.5854141927776726,1.0566914989181828,-3.1702419951390826,-2.4173821310422996,1.0567473317124019,-3.1702419951390826,4949,160,342,live_adverse_cut,7621.4164208331285,7625.229035350804,1.0,805.794043680736,9.458268499999999,1,1,20,68962.6961,45.72849852499877,43.31111639395647
LINK_USDT,SHORT,1786837195084,1786837195279,1786837197816,9.467,9.466,-2.112490105557093,1.056245048850748,1.0563008344789502,0.7628742436076563,1.0563008344789502,-1.056300834477074,2537,195,821,binance_target_caught,7218.519398992745,7222.130464224857,1.0,762.874243606724,9.462266500000002,1,1,20,77867.81820000001,43.31111639395647,44.07399063756412
LINK_USDT,SHORT,1786837267636,1786837267817,1786837276297,9.466,9.465,-1.5846604898068153,1.0563566259982275,1.0564124234095138,0.7763933843381248,1.0564124234095138,-1.0564124234113905,8480,181,368,binance_target_caught,7345.665106260687,7349.339776148761,1.0,776.393384338555,9.461267,1,1,20,117411.6403,44.07399063756412,44.85038402190225
LINK_USDT,LONG,1786837277817,1786837277976,1786837280557,9.469,9.47,3.168902529951491,1.0561334952732173,1.0560777273220214,0.7890303452835322,1.0560777273220214,-1.0560777273201456,2581,159,320,binance_target_caught,7475.0640036503755,7471.328339480636,1.0,789.030345282568,9.473734499999999,1,1,20,114652.5138,44.85038402190225,45.639414367185786
LINK_USDT,SHORT,1786837286886,1786837287048,1786837305186,9.472,9.473,-2.111375040836672,1.0556875164964077,-1.0557432432445335,-0.8034601191227927,2.1114864864853167,-2.1114864864871916,18138,162,159,live_adverse_cut,7606.569061197631,7610.374248321791,1.0,803.4601191218107,9.467264,1,1,20,71375.2838,45.639414367185786,44.835954248063
LINK_USDT,LONG,1786837360234,1786837360407,1786837364820,9.47,9.469,2.112043938367645,1.056021965258168,-1.0559662090825999,-0.7886931973667828,0.0,-2.111932418163324,4413,173,185,live_adverse_cut,7472.659041343833,7468.924579054306,1.0,788.693197365819,9.474735,1,1,20,105074.5265,44.835954248063,44.047261050696214
XRP_USDT,LONG,1786837368452,1786837368645,1786837429443,1.0016,1.0015,1.9967054426637525,0.9984523987817782,-0.9984025559104331,-0.7325820092265397,0.9984025559104331,-0.9984025559104331,60798,193,375,timeout,7341.210175116036,7337.54140441383,1.0,7325.820092266204,1.0021008,1,1,20,1014236.5691,44.047261050696214,43.314679041469674
XRP_USDT,SHORT,1786837460349,1786837460519,1786837522542,1.0015,1.0014,-1.9971042055487562,0.9984523987817782,0.9985022466299449,0.721190667583166,0.9985022466299449,-0.9985022466299449,62023,170,854,timeout,7219.113173578279,7222.724535846202,1.0,7211.906675832453,1.00099925,1,1,20,1703943.3416999998,43.314679041469674,44.03586970905284
LINK_USDT,LONG,1786837538304,1786837538480,1786837569362,9.47,9.472,2.112043938367645,1.056021965258168,2.111932418161448,1.5492383941443018,2.111932418161448,-1.0559662090825999,30882,176,2096,binance_target_caught,7339.311618175473,7335.643796277334,1.0,774.6191970725802,9.474735,1,1,20,117406.8844,44.03586970905284,45.58510810319714
LINK_USDT,SHORT,1786837602196,1786837602358,1786837604034,9.473,9.471288402022047,-2.111375040836672,1.0555760806454273,1.8068172468633126,1.3734193683672695,2.111263591260074,-1.0556317956290993,1676,162,308,binance_target_caught,7597.518017199524,7601.318676537793,1.0,802.4193683667046,9.4682635,1,2,20,82059.0035,45.58510810319714,46.958527471564416
DOGE_USDT,LONG,1786837610419,1786837610586,1786837614970,0.06957,0.06959,2.874595779767178,1.4375044922029756,2.874802357336818,2.2488170160306367,5.749604714675631,-1.4374011786704037,4384,167,1135,binance_target_caught,7826.421245260735,7822.509990265603,1.0,112440.85080157542,0.069604785,1,1,20,597163.172,46.958527471564416,49.20734448759505
XRP_USDT,LONG,1786837625779,1786837625944,1786837629127,1.0016,1.0018,1.9967054426637525,0.9984523987817782,1.9968051118208663,1.6368062137591226,1.9968051118208663,-0.9984025559104331,3183,165,347,binance_target_caught,8201.224081265842,8197.12551850659,1.0,8184.031068796514,1.0021008,1,1,20,554990.511,49.20734448759505,50.844150701354174
