timestamp_ms,excursion_id,event,symbol,direction,residual_bps,threshold_bps,net_margin_bps,spread_bps,binance_move_bps,mexc_move_bps,binance_age_ms,mexc_age_ms,reject_reason,signal_to_order_latency_ms,live_pnl_usdt,move_bps,mfe_bps,mae_bps,exit_reason,hold_ms,filled_qty,effective_leverage,live_notional_usdt,demo_entry_fee_usdt,demo_exit_fee_usdt,demo_gross_pnl_usdt,demo_net_pnl_usdt,exit_residual_bps,decision_demo_net_bps,signal_detected_ms,demo_book_lookup_start_ms,demo_book_lookup_end_ms,ioc_call_start_ms,ioc_post_start_ms,ioc_post_response_ms,ioc_confirmed_ms,reconciliation_start_ms,position_visible_ms,signal_to_ioc_post_ms,ioc_post_roundtrip_ms,ioc_confirmation_ms,reconciliation_ms,signal_to_position_visible_ms
1786794144846,2f1035c0b68945cba92ae404821a31ab,crossing,LINK_USDT,-1,-2.154127856,1.276947930,0.877179926,1.076947930,-2.154127856,0.000000000,0.000,190.000,,,,,,,,,,,,,,,,,,1786794144846.359,,,,,,,,,,,,,
1786794144848,2f1035c0b68945cba92ae404821a31ab,demo_ioc_request,LINK_USDT,-1,-2.154127856,1.276947930,0.877179926,1.076947930,-2.154127856,0.000000000,4.000,194.000,,2.630,,,,,,,,,,,,,,,,1786794144846.359,1786794144848.069,1786794144848.077,1786794144848.989,,,,,,,,,,
1786794146486,2f1035c0b68945cba92ae404821a31ab,demo_ioc_response,LINK_USDT,-1,-2.154127856,1.276947930,0.877179926,1.076947930,-2.154127856,0.000000000,4.000,194.000,,2.630,,,,,,,,,,,,,,,,1786794144846.359,1786794144848.069,1786794144848.077,1786794144848.989,1786794144870.123,1786794145167.198,1786794146486.659,,,23.764,297.075,1616.536,,
1786794151879,2f1035c0b68945cba92ae404821a31ab,rejected,LINK_USDT,-1,-2.154127856,1.276947930,0.877179926,1.076947930,-2.154127856,0.000000000,4.000,194.000,demo_ioc_unfilled_or_pending,2.630,,,,,,,,,,,,,,,,1786794144846.359,1786794144848.069,1786794144848.077,1786794144848.989,1786794144870.123,1786794145167.198,1786794146486.659,1786794146488.033,,23.764,297.075,1616.536,,
1786794207744,f8ca0dcc2c8d4d83ac1dcc3d8556a534,crossing,LINK_USDT,1,3.234385219,1.278457805,1.955927414,1.078457805,1.078399656,0.000000000,0.000,186.000,,,,,,,,,,,,,,,,,,1786794207744.541,,,,,,,,,,,,,
1786794207746,f8ca0dcc2c8d4d83ac1dcc3d8556a534,demo_ioc_request,LINK_USDT,1,3.234385219,1.278457805,1.955927414,1.078457805,1.078399656,0.000000000,4.000,190.000,,1.653,,,,,,,,,,,,,,,,1786794207744.541,1786794207745.632,1786794207745.639,1786794207746.194,,,,,,,,,,
1786794208705,f8ca0dcc2c8d4d83ac1dcc3d8556a534,demo_ioc_response,LINK_USDT,1,3.234385219,1.278457805,1.955927414,1.078457805,1.078399656,0.000000000,4.000,190.000,,1.653,,,,,,,,,,,,,,,,1786794207744.541,1786794207745.632,1786794207745.639,1786794207746.194,1786794207764.175,1786794208113.058,1786794208396.507,,,19.634,348.884,632.333,,
1786794209037,f8ca0dcc2c8d4d83ac1dcc3d8556a534,demo_position_visible,LINK_USDT,1,3.234385219,1.278457805,1.955927414,1.078457805,1.078399656,0.000000000,4.000,190.000,,,,,,,,,1077.8,200,,,,,,,,1786794207744.541,1786794207745.632,1786794207745.639,1786794207746.194,1786794207764.175,1786794208113.058,1786794208396.507,1786794208706.415,1786794209037.467,19.634,348.884,632.333,331.052,1292.926
1786794210460,f8ca0dcc2c8d4d83ac1dcc3d8556a534,demo_exit,LINK_USDT,1,3.234385219,1.278457805,1.955927414,1.078457805,1.078399656,0.000000000,4.000,190.000,,,1.077800000,1.078399655,1.078399655,0.000000000,microspread_converged,1558.459,1077.8,200,9994.439400000,1.998887880,1.998612120,-1.077800000,-5.075300000,0.000000000,-5.078183975,1786794207744.541,1786794207745.632,1786794207745.639,1786794207746.194,1786794207764.175,1786794208113.058,1786794208396.507,1786794208706.415,1786794209037.467,19.634,348.884,632.333,331.052,1292.926
1786794217215,633c6bd0ef0e4933982b4898989d3258,crossing,LINK_USDT,-1,-1.617584941,1.278225241,0.339359700,1.078225241,-2.156683030,0.000000000,0.000,646.000,,,,,,,,,,,,,,,,,,1786794217215.363,,,,,,,,,,,,,
1786794217216,633c6bd0ef0e4933982b4898989d3258,demo_ioc_request,LINK_USDT,-1,-1.617584941,1.278225241,0.339359700,1.078225241,-2.156683030,0.000000000,1.000,647.000,,0.878,,,,,,,,,,,,,,,,1786794217215.363,1786794217216.012,1786794217216.015,1786794217216.241,,,,,,,,,,
1786794218076,633c6bd0ef0e4933982b4898989d3258,demo_ioc_response,LINK_USDT,-1,-1.617584941,1.278225241,0.339359700,1.078225241,-2.156683030,0.000000000,1.000,647.000,,0.878,,,,,,,,,,,,,,,,1786794217215.363,1786794217216.012,1786794217216.015,1786794217216.241,1786794217226.404,1786794217522.418,1786794217791.224,,,11.041,296.014,564.820,,
1786794218354,633c6bd0ef0e4933982b4898989d3258,demo_position_visible,LINK_USDT,-1,-1.617584941,1.278225241,0.339359700,1.078225241,-2.156683030,0.000000000,1.000,647.000,,,,,,,,,1078.8,200,,,,,,,,1786794217215.363,1786794217216.012,1786794217216.015,1786794217216.241,1786794217226.404,1786794217522.418,1786794217791.224,1786794218077.507,1786794218354.771,11.041,296.014,564.820,277.264,1139.408
1786794219475,633c6bd0ef0e4933982b4898989d3258,demo_exit,LINK_USDT,-1,-1.617584941,1.278225241,0.339359700,1.078225241,-2.156683030,0.000000000,1.000,647.000,,,-0.000000000,-0.000000000,0.000000000,0.000000000,microspread_reversed,1158.731,1078.8,200,10004.791200000,2.000958240,2.001141760,-1.078800000,-5.080900000,0.539098089,-5.078499030,1786794217215.363,1786794217216.012,1786794217216.015,1786794217216.241,1786794217226.404,1786794217522.418,1786794217791.224,1786794218077.507,1786794218354.771,11.041,296.014,564.820,277.264,1139.408
1786794223284,0d192e77f88d4c39b57e86ebef29e6d2,crossing,LINK_USDT,1,1.617643098,1.278457805,0.339185292,1.078457805,1.078399656,0.000000000,0.000,811.000,,,,,,,,,,,,,,,,,,1786794223284.371,,,,,,,,,,,,,
1786794223286,0d192e77f88d4c39b57e86ebef29e6d2,demo_ioc_request,LINK_USDT,1,1.617643098,1.278457805,0.339185292,1.078457805,1.078399656,0.000000000,3.000,814.000,,1.813,,,,,,,,,,,,,,,,1786794223284.371,1786794223285.662,1786794223285.667,1786794223286.184,,,,,,,,,,
1786794224174,0d192e77f88d4c39b57e86ebef29e6d2,demo_ioc_response,LINK_USDT,1,1.617643098,1.278457805,0.339185292,1.078457805,1.078399656,0.000000000,3.000,814.000,,1.813,,,,,,,,,,,,,,,,1786794223284.371,1786794223285.662,1786794223285.667,1786794223286.184,1786794223301.356,1786794223602.816,1786794223879.374,,,16.985,301.460,578.017,,
1786794224457,0d192e77f88d4c39b57e86ebef29e6d2,demo_position_visible,LINK_USDT,1,1.617643098,1.278457805,0.339185292,1.078457805,1.078399656,0.000000000,3.000,814.000,,,,,,,,,1077.8,200,,,,,,,,1786794223284.371,1786794223285.662,1786794223285.667,1786794223286.184,1786794223301.356,1786794223602.816,1786794223879.374,1786794224175.303,1786794224457.122,16.985,301.460,578.017,281.818,1172.750
1786794226063,0d192e77f88d4c39b57e86ebef29e6d2,demo_exit,LINK_USDT,1,1.617643098,1.278457805,0.339185292,1.078457805,1.078399656,0.000000000,3.000,814.000,,,0.000000000,0.000000000,0.000000000,0.000000000,microspread_converged,1190.681,1077.8,200,9994.439400000,1.998887880,1.998612120,-1.077800000,-5.075300000,0.000000000,-5.078183975,1786794223284.371,1786794223285.662,1786794223285.667,1786794223286.184,1786794223301.356,1786794223602.816,1786794223879.374,1786794224175.303,1786794224457.122,16.985,301.460,578.017,281.818,1172.750
1786794329216,d842be6ca046496a9c8b877b0249e8d5,crossing,LINK_USDT,-1,-1.616307178,1.276716016,0.339591162,1.076716016,-0.538372500,0.000000000,0.000,203.000,,,,,,,,,,,,,,,,,,1786794329216.547,,,,,,,,,,,,,
1786794329218,d842be6ca046496a9c8b877b0249e8d5,demo_ioc_request,LINK_USDT,-1,-1.616307178,1.276716016,0.339591162,1.076716016,-0.538372500,0.000000000,4.000,207.000,,1.475,,,,,,,,,,,,,,,,1786794329216.547,1786794329217.545,1786794329217.549,1786794329218.022,,,,,,,,,,
1786794330931,d842be6ca046496a9c8b877b0249e8d5,demo_ioc_response,LINK_USDT,-1,-1.616307178,1.276716016,0.339591162,1.076716016,-0.538372500,0.000000000,4.000,207.000,,1.475,,,,,,,,,,,,,,,,1786794329216.547,1786794329217.545,1786794329217.549,1786794329218.022,1786794329230.062,1786794329539.715,1786794330931.457,,,13.515,309.653,1701.395,,
1786794336340,d842be6ca046496a9c8b877b0249e8d5,rejected,LINK_USDT,-1,-1.616307178,1.276716016,0.339591162,1.076716016,-0.538372500,0.000000000,4.000,207.000,demo_ioc_unfilled_or_pending,1.475,,,,,,,,,,,,,,,,1786794329216.547,1786794329217.545,1786794329217.549,1786794329218.022,1786794329230.062,1786794329539.715,1786794330931.457,1786794330932.572,,13.515,309.653,1701.395,,
1786794348084,170f60c3537f4cdeb2755150fa9ecae7,crossing,LINK_USDT,1,1.615465392,1.277063924,0.338401468,1.077063924,1.615465392,0.000000000,0.000,200.000,,,,,,,,,,,,,,,,,,1786794348084.490,,,,,,,,,,,,,
1786794348085,170f60c3537f4cdeb2755150fa9ecae7,demo_ioc_request,LINK_USDT,1,1.615465392,1.277063924,0.338401468,1.077063924,1.615465392,0.000000000,3.000,203.000,,1.194,,,,,,,,,,,,,,,,1786794348084.490,1786794348085.433,1786794348085.459,1786794348085.684,,,,,,,,,,
1786794349919,170f60c3537f4cdeb2755150fa9ecae7,demo_ioc_response,LINK_USDT,1,1.615465392,1.277063924,0.338401468,1.077063924,1.615465392,0.000000000,3.000,203.000,,1.194,,,,,,,,,,,,,,,,1786794348084.490,1786794348085.433,1786794348085.459,1786794348085.684,1786794348097.872,1786794348397.183,1786794349919.172,,,13.381,299.311,1821.301,,
1786794353082,170f60c3537f4cdeb2755150fa9ecae7,demo_position_visible,LINK_USDT,1,1.615465392,1.277063924,0.338401468,1.077063924,1.615465392,0.000000000,3.000,203.000,,,,,,,,,1076.3,200,,,,,,,,1786794348084.490,1786794348085.433,1786794348085.459,1786794348085.684,1786794348097.872,1786794348397.183,1786794349919.172,1786794349920.874,1786794353082.670,13.381,299.311,1821.301,3161.797,4998.180
1786794355064,170f60c3537f4cdeb2755150fa9ecae7,demo_exit,LINK_USDT,1,1.615465392,1.277063924,0.338401468,1.077063924,1.615465392,0.000000000,3.000,203.000,,,6.457800000,6.462035541,6.462035541,0.000000000,microspread_converged,5012.906,1076.3,200,9993.445500000,0.000000000,3.998800000,5.381500000,1.382700000,0.000000000,3.383372819,1786794348084.490,1786794348085.433,1786794348085.459,1786794348085.684,1786794348097.872,1786794348397.183,1786794349919.172,1786794349920.874,1786794353082.670,13.381,299.311,1821.301,3161.797,4998.180
1786794360180,5b9dcf5522e34e44a796aea7a6f4c6e2,crossing,LINK_USDT,-1,-2.152389154,1.276136669,0.876252485,1.076136669,-1.076194577,0.000000000,0.000,287.000,,,,,,,,,,,,,,,,,,1786794360180.149,,,,,,,,,,,,,
1786794360181,5b9dcf5522e34e44a796aea7a6f4c6e2,demo_ioc_request,LINK_USDT,-1,-2.152389154,1.276136669,0.876252485,1.076136669,-1.076194577,0.000000000,3.000,290.000,,1.085,,,,,,,,,,,,,,,,1786794360180.149,1786794360180.937,1786794360180.939,1786794360181.234,,,,,,,,,,
1786794362072,5b9dcf5522e34e44a796aea7a6f4c6e2,demo_ioc_response,LINK_USDT,-1,-2.152389154,1.276136669,0.876252485,1.076136669,-1.076194577,0.000000000,3.000,290.000,,1.085,,,,,,,,,,,,,,,,1786794360180.149,1786794360180.937,1786794360180.939,1786794360181.234,1786794360198.388,1786794360574.510,1786794362072.049,,,18.240,376.121,1873.661,,
1786794366261,5b9dcf5522e34e44a796aea7a6f4c6e2,demo_position_visible,LINK_USDT,-1,-2.152389154,1.276136669,0.876252485,1.076136669,-1.076194577,0.000000000,3.000,290.000,,,,,,,,,1076.8,200,,,,,,,,1786794360180.149,1786794360180.937,1786794360180.939,1786794360181.234,1786794360198.388,1786794360574.510,1786794362072.049,1786794362072.986,1786794366261.864,18.240,376.121,1873.661,4188.878,6081.715
1786794373224,5b9dcf5522e34e44a796aea7a6f4c6e2,demo_exit,LINK_USDT,-1,-2.152389154,1.276136669,0.876252485,1.076136669,-1.076194577,0.000000000,3.000,290.000,,,5.384000000,5.380972880,5.380972880,0.000000000,microspread_converged,6099.693,1076.8,200,10005.625600000,0.000000000,4.001300000,4.307200000,0.305900000,0.000000000,2.305639260,1786794360180.149,1786794360180.937,1786794360180.939,1786794360181.234,1786794360198.388,1786794360574.510,1786794362072.049,1786794362072.986,1786794366261.864,18.240,376.121,1873.661,4188.878,6081.715
1786794391853,726b2c1a6c664bf3bfbd8e521963eeb3,crossing,LINK_USDT,1,3.231365819,1.277295987,1.954069832,1.077295987,3.231365819,0.000000000,0.000,107.000,,,,,,,,,,,,,,,,,,1786794391853.475,,,,,,,,,,,,,
1786794391854,726b2c1a6c664bf3bfbd8e521963eeb3,demo_ioc_request,LINK_USDT,1,3.231365819,1.277295987,1.954069832,1.077295987,3.231365819,0.000000000,3.000,110.000,,1.454,,,,,,,,,,,,,,,,1786794391853.475,1786794391854.359,1786794391854.361,1786794391854.929,,,,,,,,,,
1786794393212,726b2c1a6c664bf3bfbd8e521963eeb3,demo_ioc_response,LINK_USDT,1,3.231365819,1.277295987,1.954069832,1.077295987,3.231365819,0.000000000,3.000,110.000,,1.454,,,,,,,,,,,,,,,,1786794391853.475,1786794391854.359,1786794391854.361,1786794391854.929,1786794391870.507,1786794392198.383,1786794393212.949,,,17.032,327.876,1342.443,,
1786794398541,726b2c1a6c664bf3bfbd8e521963eeb3,rejected,LINK_USDT,1,3.231365819,1.277295987,1.954069832,1.077295987,3.231365819,0.000000000,3.000,110.000,demo_ioc_unfilled_or_pending,1.454,,,,,,,,,,,,,,,,1786794391853.475,1786794391854.359,1786794391854.361,1786794391854.929,1786794391870.507,1786794392198.383,1786794393212.949,1786794393214.153,,17.032,327.876,1342.443,,
1786794562411,df99578c5c9744d4965e3fc26d07dc78,crossing,LINK_USDT,-1,-2.152273347,1.276020875,0.876252472,1.076020875,-2.152273347,0.000000000,0.000,27.000,,,,,,,,,,,,,,,,,,1786794562411.492,,,,,,,,,,,,,
1786794562412,df99578c5c9744d4965e3fc26d07dc78,demo_ioc_request,LINK_USDT,-1,-2.152273347,1.276020875,0.876252472,1.076020875,-2.152273347,0.000000000,2.000,29.000,,1.036,,,,,,,,,,,,,,,,1786794562411.492,1786794562412.289,1786794562412.291,1786794562412.528,,,,,,,,,,
1786794563137,df99578c5c9744d4965e3fc26d07dc78,demo_ioc_response,LINK_USDT,-1,-2.152273347,1.276020875,0.876252472,1.076020875,-2.152273347,0.000000000,2.000,29.000,,1.036,,,,,,,,,,,,,,,,1786794562411.492,1786794562412.289,1786794562412.291,1786794562412.528,1786794562424.905,1786794562861.428,1786794563137.461,,,13.412,436.523,712.557,,
1786794568821,df99578c5c9744d4965e3fc26d07dc78,rejected,LINK_USDT,-1,-2.152273347,1.276020875,0.876252472,1.076020875,-2.152273347,0.000000000,2.000,29.000,demo_ioc_unfilled_or_pending,1.036,,,,,,,,,,,,,,,,1786794562411.492,1786794562412.289,1786794562412.291,1786794562412.528,1786794562424.905,1786794562861.428,1786794563137.461,1786794563138.570,,13.412,436.523,712.557,,
1786794586343,93a5e34d1e744129a3e6dc75ed692864,crossing,XRP_USDT,1,1.497155406,1.198153416,0.299001990,0.998153416,0.998103604,0.000000000,0.000,277.000,,,,,,,,,,,,,,,,,,1786794586343.715,,,,,,,,,,,,,
1786794586345,93a5e34d1e744129a3e6dc75ed692864,demo_ioc_request,XRP_USDT,1,1.497155406,1.198153416,0.299001990,0.998153416,0.998103604,0.000000000,3.000,280.000,,1.882,,,,,,,,,,,,,,,,1786794586343.715,1786794586345.010,1786794586345.014,1786794586345.596,,,,,,,,,,
1786794587272,93a5e34d1e744129a3e6dc75ed692864,demo_ioc_response,XRP_USDT,1,1.497155406,1.198153416,0.299001990,0.998153416,0.998103604,0.000000000,3.000,280.000,,1.882,,,,,,,,,,,,,,,,1786794586343.715,1786794586345.010,1786794586345.014,1786794586345.596,1786794586361.744,1786794586655.261,1786794586931.311,,,18.029,293.518,569.567,,
1786794587601,93a5e34d1e744129a3e6dc75ed692864,demo_position_visible,XRP_USDT,1,1.497155406,1.198153416,0.299001990,0.998153416,0.998103604,0.000000000,3.000,280.000,,,,,,,,,9975,200,,,,,,,,1786794586343.715,1786794586345.010,1786794586345.014,1786794586345.596,1786794586361.744,1786794586655.261,1786794586931.311,1786794587273.570,1786794587601.601,18.029,293.518,569.567,328.031,1257.886
1786794589456,93a5e34d1e744129a3e6dc75ed692864,demo_exit,XRP_USDT,1,1.497155406,1.198153416,0.299001990,0.998153416,0.998103604,0.000000000,3.000,280.000,,,0.000000000,0.000000000,0.000000000,0.000000000,microspread_converged,1274.896,9975,200,9993.952500000,1.998790500,1.998509500,-0.997500000,-4.994800000,0.000000000,-4.997903982,1786794586343.715,1786794586345.010,1786794586345.014,1786794586345.596,1786794586361.744,1786794586655.261,1786794586931.311,1786794587273.570,1786794587601.601,18.029,293.518,569.567,328.031,1257.886
1786794613824,2a44a8685b3b478582af56f1f030cf62,crossing,XRP_USDT,-1,-1.996107597,1.197954194,0.798153403,0.997954194,-1.996107597,0.000000000,0.000,217.000,,,,,,,,,,,,,,,,,,1786794613824.164,,,,,,,,,,,,,
1786794613825,2a44a8685b3b478582af56f1f030cf62,demo_ioc_request,XRP_USDT,-1,-1.996107597,1.197954194,0.798153403,0.997954194,-1.996107597,0.000000000,3.000,220.000,,1.329,,,,,,,,,,,,,,,,1786794613824.164,1786794613825.169,1786794613825.173,1786794613825.493,,,,,,,,,,
1786794614853,2a44a8685b3b478582af56f1f030cf62,demo_ioc_response,XRP_USDT,-1,-1.996107597,1.197954194,0.798153403,0.997954194,-1.996107597,0.000000000,3.000,220.000,,1.329,,,,,,,,,,,,,,,,1786794613824.164,1786794613825.169,1786794613825.173,1786794613825.493,1786794613843.555,1786794614219.796,1786794614509.312,,,19.391,376.241,665.757,,
1786794615177,2a44a8685b3b478582af56f1f030cf62,demo_position_visible,XRP_USDT,-1,-1.996107597,1.197954194,0.798153403,0.997954194,-1.996107597,0.000000000,3.000,220.000,,,,,,,,,9986,200,,,,,,,,1786794613824.164,1786794613825.169,1786794613825.173,1786794613825.493,1786794613843.555,1786794614219.796,1786794614509.312,1786794614854.979,1786794615177.761,19.391,376.241,665.757,322.782,1353.597
1786794616363,2a44a8685b3b478582af56f1f030cf62,demo_exit,XRP_USDT,-1,-1.996107597,1.197954194,0.798153403,0.997954194,-1.996107597,0.000000000,3.000,220.000,,,0.998600000,0.998003992,0.998003992,0.000000000,microspread_reversed,1377.962,9986,200,10005.972000000,2.001194400,2.001305600,-0.998600000,-5.001100000,0.998003993,-4.998203593,1786794613824.164,1786794613825.169,1786794613825.173,1786794613825.493,1786794613843.555,1786794614219.796,1786794614509.312,1786794614854.979,1786794615177.761,19.391,376.241,665.757,322.782,1353.597
1786794685298,0c9dca3e4a824802a31f6023a0793d89,crossing,LINK_USDT,1,1.615639412,1.277295987,0.338343424,1.077295987,0.538633487,0.000000000,1.000,11.000,,,,,,,,,,,,,,,,,,1786794685298.583,,,,,,,,,,,,,
1786794685299,0c9dca3e4a824802a31f6023a0793d89,demo_ioc_request,LINK_USDT,1,1.615639412,1.277295987,0.338343424,1.077295987,0.538633487,0.000000000,2.000,12.000,,0.946,,,,,,,,,,,,,,,,1786794685298.583,1786794685299.299,1786794685299.302,1786794685299.529,,,,,,,,,,
1786794687048,0c9dca3e4a824802a31f6023a0793d89,demo_ioc_response,LINK_USDT,1,1.615639412,1.277295987,0.338343424,1.077295987,0.538633487,0.000000000,2.000,12.000,,0.946,,,,,,,,,,,,,,,,1786794685298.583,1786794685299.299,1786794685299.302,1786794685299.529,1786794685309.586,1786794685609.529,1786794687048.946,,,11.003,299.943,1739.360,,
1786794690325,0c9dca3e4a824802a31f6023a0793d89,demo_position_visible,LINK_USDT,1,1.615639412,1.277295987,0.338343424,1.077295987,0.538633487,0.000000000,2.000,12.000,,,,,,,,,1076.6,200,,,,,,,,1786794685298.583,1786794685299.299,1786794685299.302,1786794685299.529,1786794685309.586,1786794685609.529,1786794687048.946,1786794687049.714,1786794690325.894,11.003,299.943,1739.360,3276.179,5027.311
1786794697159,0c9dca3e4a824802a31f6023a0793d89,demo_exit,LINK_USDT,1,1.615639412,1.277295987,0.338343424,1.077295987,0.538633487,0.000000000,2.000,12.000,,,1.076600000,1.077237962,1.077237962,0.000000000,microspread_converged,5045.746,1076.6,200,9994.077800000,0.000000000,3.997800000,1.076600000,-2.921200000,0.000000000,-0.922977486,1786794685298.583,1786794685299.299,1786794685299.302,1786794685299.529,1786794685309.586,1786794685609.529,1786794687048.946,1786794687049.714,1786794690325.894,11.003,299.943,1739.360,3276.179,5027.311
1786794723251,2f79550db0944c3caea87711db77fb9c,crossing,LINK_USDT,-1,-2.154127856,1.276947930,0.877179926,1.076947930,-1.077005925,-1.076889943,22.000,0.000,,,,,,,,,,,,,,,,,,1786794723251.965,,,,,,,,,,,,,
1786794723253,2f79550db0944c3caea87711db77fb9c,demo_ioc_request,LINK_USDT,-1,-2.154127856,1.276947930,0.877179926,1.076947930,-1.077005925,-1.076889943,27.000,5.000,,1.533,,,,,,,,,,,,,,,,1786794723251.965,1786794723253.041,1786794723253.044,1786794723253.498,,,,,,,,,,
1786794724301,2f79550db0944c3caea87711db77fb9c,demo_ioc_response,LINK_USDT,-1,-2.154127856,1.276947930,0.877179926,1.076947930,-1.077005925,-1.076889943,27.000,5.000,,1.533,,,,,,,,,,,,,,,,1786794723251.965,1786794723253.041,1786794723253.044,1786794723253.498,1786794723268.353,1786794723745.280,1786794724023.405,,,16.388,476.927,755.052,,
1786794724604,2f79550db0944c3caea87711db77fb9c,demo_position_visible,LINK_USDT,-1,-2.154127856,1.276947930,0.877179926,1.076947930,-1.077005925,-1.076889943,27.000,5.000,,,,,,,,,1077.8,200,,,,,,,,1786794723251.965,1786794723253.041,1786794723253.044,1786794723253.498,1786794723268.353,1786794723745.280,1786794724023.405,1786794724302.983,1786794724604.401,16.388,476.927,755.052,301.418,1352.436
1786794729845,2f79550db0944c3caea87711db77fb9c,demo_exit,LINK_USDT,-1,-2.154127856,1.276947930,0.877179926,1.076947930,-1.077005925,-1.076889943,27.000,5.000,,,-0.000000000,-0.000000000,0.000000000,0.000000000,microspread_converged,1373.090,1077.8,200,10007.373000000,2.001690160,2.001809840,-1.077800000,-5.081300000,0.000000000,-5.077105320,1786794723251.965,1786794723253.041,1786794723253.044,1786794723253.498,1786794723268.353,1786794723745.280,1786794724023.405,1786794724302.983,1786794724604.401,16.388,476.927,755.052,301.418,1352.436
1786794742947,a0aa0caffe1e4f759e4c0362f8b4da1f,crossing,LINK_USDT,1,1.884202307,1.276831960,0.607370346,1.076831960,2.153432041,0.000000000,1.000,953.000,,,,,,,,,,,,,,,,,,1786794742947.121,,,,,,,,,,,,,
1786794742948,a0aa0caffe1e4f759e4c0362f8b4da1f,demo_ioc_request,LINK_USDT,1,1.884202307,1.276831960,0.607370346,1.076831960,2.153432041,0.000000000,3.000,955.000,,1.693,,,,,,,,,,,,,,,,1786794742947.121,1786794742948.445,1786794742948.450,1786794742948.814,,,,,,,,,,
1786794743978,a0aa0caffe1e4f759e4c0362f8b4da1f,demo_ioc_response,LINK_USDT,1,1.884202307,1.276831960,0.607370346,1.076831960,2.153432041,0.000000000,3.000,955.000,,1.693,,,,,,,,,,,,,,,,1786794742947.121,1786794742948.445,1786794742948.450,1786794742948.814,1786794742971.457,1786794743362.135,1786794743696.373,,,24.336,390.677,724.916,,
1786794744257,a0aa0caffe1e4f759e4c0362f8b4da1f,demo_position_visible,LINK_USDT,1,1.884202307,1.276831960,0.607370346,1.076831960,2.153432041,0.000000000,3.000,955.000,,,,,,,,,1076.1,200,,,,,,,,1786794742947.121,1786794742948.445,1786794742948.450,1786794742948.814,1786794742971.457,1786794743362.135,1786794743696.373,1786794743979.668,1786794744257.053,24.336,390.677,724.916,277.385,1309.932
1786794749771,a0aa0caffe1e4f759e4c0362f8b4da1f,demo_exit,LINK_USDT,1,1.884202307,1.276831960,0.607370346,1.076831960,2.153432041,0.000000000,3.000,955.000,,,2.152200000,2.153547970,2.153547970,0.000000000,microspread_reversed,1331.476,1076.1,200,9993.740700000,1.998748140,1.998451860,-1.076100000,-5.073300000,-2.153432041,-5.076558630,1786794742947.121,1786794742948.445,1786794742948.450,1786794742948.814,1786794742971.457,1786794743362.135,1786794743696.373,1786794743979.668,1786794744257.053,24.336,390.677,724.916,277.385,1309.932
1786794785873,6a5c7b760e984385a94bac97808c3090,crossing,LINK_USDT,-1,-3.765364075,2.351231580,1.414132494,2.151231580,-3.227541717,0.000000000,1.000,531.000,,,,,,,,,,,,,,,,,,1786794785873.338,,,,,,,,,,,,,
1786794785874,6a5c7b760e984385a94bac97808c3090,demo_ioc_request,LINK_USDT,-1,-3.765364075,2.351231580,1.414132494,2.151231580,-3.227541717,0.000000000,2.000,532.000,,0.943,,,,,,,,,,,,,,,,1786794785873.338,1786794785874.078,1786794785874.081,1786794785874.281,,,,,,,,,,
1786794786542,6a5c7b760e984385a94bac97808c3090,demo_ioc_response,LINK_USDT,-1,-3.765364075,2.351231580,1.414132494,2.151231580,-3.227541717,0.000000000,2.000,532.000,,0.943,,,,,,,,,,,,,,,,1786794785873.338,1786794785874.078,1786794785874.081,1786794785874.281,1786794785885.425,1786794786255.534,1786794786541.987,,,12.087,370.110,656.562,,
1786794791952,6a5c7b760e984385a94bac97808c3090,rejected,LINK_USDT,-1,-3.765364075,2.351231580,1.414132494,2.151231580,-3.227541717,0.000000000,2.000,532.000,demo_ioc_unfilled_or_pending,0.943,,,,,,,,,,,,,,,,1786794785873.338,1786794785874.078,1786794785874.081,1786794785874.281,1786794785885.425,1786794786255.534,1786794786541.987,1786794786543.133,,12.087,370.110,656.562,,
1786795099179,1a97e9b4c80646ef8eaaf46af732e8d0,crossing,LINK_USDT,1,2.150190838,1.275211010,0.874979828,1.075211010,2.150190838,0.000000000,0.000,220.000,,,,,,,,,,,,,,,,,,1786795099179.255,,,,,,,,,,,,,
1786795099180,1a97e9b4c80646ef8eaaf46af732e8d0,demo_ioc_request,LINK_USDT,1,2.150190838,1.275211010,0.874979828,1.075211010,2.150190838,0.000000000,2.000,222.000,,1.416,,,,,,,,,,,,,,,,1786795099179.255,1786795099180.301,1786795099180.305,1786795099180.671,,,,,,,,,,
1786795100095,1a97e9b4c80646ef8eaaf46af732e8d0,demo_ioc_response,LINK_USDT,1,2.150190838,1.275211010,0.874979828,1.075211010,2.150190838,0.000000000,2.000,222.000,,1.416,,,,,,,,,,,,,,,,1786795099179.255,1786795099180.301,1786795099180.305,1786795099180.671,1786795099198.791,1786795099517.516,1786795099800.133,,,19.536,318.725,601.342,,
1786795100377,1a97e9b4c80646ef8eaaf46af732e8d0,demo_position_visible,LINK_USDT,1,2.150190838,1.275211010,0.874979828,1.075211010,2.150190838,0.000000000,2.000,222.000,,,,,,,,,1074.5,200,,,,,,,,1786795099179.255,1786795099180.301,1786795099180.305,1786795099180.671,1786795099198.791,1786795099517.516,1786795099800.133,1786795100096.167,1786795100377.850,19.536,318.725,601.342,281.683,1198.594
1786795102210,1a97e9b4c80646ef8eaaf46af732e8d0,demo_exit,LINK_USDT,1,2.150190838,1.275211010,0.874979828,1.075211010,2.150190838,0.000000000,2.000,222.000,,,1.074500000,1.075153209,1.075153209,0.000000000,microspread_reversed,1220.676,1074.5,200,9993.924500000,1.998784900,1.998515100,-1.074500000,-5.071800000,-1.075153210,-5.074938179,1786795099179.255,1786795099180.301,1786795099180.305,1786795099180.671,1786795099198.791,1786795099517.516,1786795099800.133,1786795100096.167,1786795100377.850,19.536,318.725,601.342,281.683,1198.594
1786795146231,f1602a345f9a4435bff9ac1ca500efe5,crossing,LINK_USDT,-1,-2.149266571,1.274517810,0.874748761,1.074517810,-2.149266571,0.000000000,0.000,330.000,,,,,,,,,,,,,,,,,,1786795146231.871,,,,,,,,,,,,,
1786795146232,f1602a345f9a4435bff9ac1ca500efe5,demo_ioc_request,LINK_USDT,-1,-2.149266571,1.274517810,0.874748761,1.074517810,-2.149266571,0.000000000,1.000,331.000,,0.849,,,,,,,,,,,,,,,,1786795146231.871,1786795146232.548,1786795146232.550,1786795146232.720,,,,,,,,,,
1786795146865,f1602a345f9a4435bff9ac1ca500efe5,demo_ioc_response,LINK_USDT,-1,-2.149266571,1.274517810,0.874748761,1.074517810,-2.149266571,0.000000000,1.000,331.000,,0.849,,,,,,,,,,,,,,,,1786795146231.871,1786795146232.548,1786795146232.550,1786795146232.720,1786795146243.874,1786795146581.288,1786795146865.518,,,12.004,337.414,621.644,,
1786795152450,f1602a345f9a4435bff9ac1ca500efe5,rejected,LINK_USDT,-1,-2.149266571,1.274517810,0.874748761,1.074517810,-2.149266571,0.000000000,1.000,331.000,demo_ioc_unfilled_or_pending,0.849,,,,,,,,,,,,,,,,1786795146231.871,1786795146232.548,1786795146232.550,1786795146232.720,1786795146243.874,1786795146581.288,1786795146865.518,1786795146866.327,,12.004,337.414,621.644,,
1786795194432,b98a75893c7043968005a993c9fd35f4,crossing,LINK_USDT,1,8.596143010,1.274979844,7.321163166,1.074979844,8.596143010,0.000000000,0.000,394.000,,,,,,,,,,,,,,,,,,1786795194432.508,,,,,,,,,,,,,
1786795194433,b98a75893c7043968005a993c9fd35f4,demo_ioc_request,LINK_USDT,1,8.596143010,1.274979844,7.321163166,1.074979844,8.596143010,0.000000000,3.000,397.000,,1.270,,,,,,,,,,,,,,,,1786795194432.508,1786795194433.344,1786795194433.348,1786795194433.778,,,,,,,,,,
1786795195333,b98a75893c7043968005a993c9fd35f4,demo_ioc_response,LINK_USDT,1,8.596143010,1.274979844,7.321163166,1.074979844,8.596143010,0.000000000,3.000,397.000,,1.270,,,,,,,,,,,,,,,,1786795194432.508,1786795194433.344,1786795194433.348,1786795194433.778,1786795194447.651,1786795194779.452,1786795195054.035,,,15.144,331.801,606.383,,
1786795195632,b98a75893c7043968005a993c9fd35f4,demo_position_visible,LINK_USDT,1,8.596143010,1.274979844,7.321163166,1.074979844,8.596143010,0.000000000,3.000,397.000,,,,,,,,,1074.3,200,,,,,,,,1786795194432.508,1786795194433.344,1786795194433.348,1786795194433.778,1786795194447.651,1786795194779.452,1786795195054.035,1786795195334.970,1786795195632.509,15.144,331.801,606.383,297.539,1200.001
1786795196816,b98a75893c7043968005a993c9fd35f4,demo_exit,LINK_USDT,1,8.596143010,1.274979844,7.321163166,1.074979844,8.596143010,0.000000000,3.000,397.000,,,9.668700000,9.674298613,9.674298613,0.000000000,microspread_reversed,1215.756,1074.3,200,9994.212900000,1.998842580,1.998557420,-1.074300000,-5.071700000,-6.446761749,-5.074707084,1786795194432.508,1786795194433.344,1786795194433.348,1786795194433.778,1786795194447.651,1786795194779.452,1786795195054.035,1786795195334.970,1786795195632.509,15.144,331.801,606.383,297.539,1200.001
1786795198359,86ca1ddbc846431fab3bdf520821f095,crossing,LINK_USDT,-1,-2.148458483,1.274171545,0.874286938,1.074171545,-1.074229242,0.000000000,0.000,527.000,,,,,,,,,,,,,,,,,,1786795198359.771,,,,,,,,,,,,,
1786795198362,86ca1ddbc846431fab3bdf520821f095,demo_ioc_request,LINK_USDT,-1,-2.148458483,1.274171545,0.874286938,1.074171545,-1.074229242,0.000000000,6.000,533.000,,2.555,,,,,,,,,,,,,,,,1786795198359.771,1786795198361.005,1786795198361.009,1786795198362.326,,,,,,,,,,
1786795199266,86ca1ddbc846431fab3bdf520821f095,demo_ioc_response,LINK_USDT,-1,-2.148458483,1.274171545,0.874286938,1.074171545,-1.074229242,0.000000000,6.000,533.000,,2.555,,,,,,,,,,,,,,,,1786795198359.771,1786795198361.005,1786795198361.009,1786795198362.326,1786795198378.285,1786795198698.146,1786795198976.916,,,18.514,319.861,598.631,,
1786795199563,86ca1ddbc846431fab3bdf520821f095,demo_position_visible,LINK_USDT,-1,-2.148458483,1.274171545,0.874286938,1.074171545,-1.074229242,0.000000000,6.000,533.000,,,,,,,,,1074.8,200,,,,,,,,1786795198359.771,1786795198361.005,1786795198361.009,1786795198362.326,1786795198378.285,1786795198698.146,1786795198976.916,1786795199267.530,1786795199563.013,18.514,319.861,598.631,295.483,1203.243
1786795200746,86ca1ddbc846431fab3bdf520821f095,demo_exit,LINK_USDT,-1,-2.148458483,1.274171545,0.874286938,1.074171545,-1.074229242,0.000000000,6.000,533.000,,,-0.000000000,-0.000000000,0.000000000,0.000000000,microspread_converged,1228.980,1074.8,200,10005.313200000,2.001062640,2.001237360,-1.074800000,-5.077100000,0.000000000,-5.074444086,1786795198359.771,1786795198361.005,1786795198361.009,1786795198362.326,1786795198378.285,1786795198698.146,1786795198976.916,1786795199267.530,1786795199563.013,18.514,319.861,598.631,295.483,1203.243
1786795204232,75b527e78f1d4647ab6f2a7af692e01e,crossing,LINK_USDT,1,1.611877911,1.275095415,0.336782496,1.075095415,0.537533260,0.000000000,0.000,65.000,,,,,,,,,,,,,,,,,,1786795204232.445,,,,,,,,,,,,,
1786795204234,75b527e78f1d4647ab6f2a7af692e01e,demo_ioc_request,LINK_USDT,1,1.611877911,1.275095415,0.336782496,1.075095415,0.537533260,0.000000000,4.000,69.000,,1.584,,,,,,,,,,,,,,,,1786795204232.445,1786795204233.496,1786795204233.499,1786795204234.029,,,,,,,,,,
1786795205205,75b527e78f1d4647ab6f2a7af692e01e,demo_ioc_response,LINK_USDT,1,1.611877911,1.275095415,0.336782496,1.075095415,0.537533260,0.000000000,4.000,69.000,,1.584,,,,,,,,,,,,,,,,1786795204232.445,1786795204233.496,1786795204233.499,1786795204234.029,1786795204245.211,1786795204636.820,1786795204925.424,,,12.766,391.609,680.213,,
1786795205487,75b527e78f1d4647ab6f2a7af692e01e,demo_position_visible,LINK_USDT,1,1.611877911,1.275095415,0.336782496,1.075095415,0.537533260,0.000000000,4.000,69.000,,,,,,,,,1074.4,200,,,,,,,,1786795204232.445,1786795204233.496,1786795204233.499,1786795204234.029,1786795204245.211,1786795204636.820,1786795204925.424,1786795205206.826,1786795205487.063,12.766,391.609,680.213,280.237,1254.618
1786795206809,75b527e78f1d4647ab6f2a7af692e01e,demo_exit,LINK_USDT,1,1.611877911,1.275095415,0.336782496,1.075095415,0.537533260,0.000000000,4.000,69.000,,,6.446400000,6.450225758,6.450225758,0.000000000,microspread_converged,1400.074,1074.4,200,9994.068800000,1.998813760,1.998586240,-1.074400000,-5.071800000,0.000000000,-5.074822619,1786795204232.445,1786795204233.496,1786795204233.499,1786795204234.029,1786795204245.211,1786795204636.820,1786795204925.424,1786795205206.826,1786795205487.063,12.766,391.609,680.213,280.237,1254.618
1786795210585,71d6d7b64b4c42ebb380719b0f9375dc,crossing,LINK_USDT,-1,-2.149497563,1.274633281,0.874864282,1.074633281,-2.149497563,0.000000000,0.000,1076.000,,,,,,,,,,,,,,,,,,1786795210585.844,,,,,,,,,,,,,
1786795210589,71d6d7b64b4c42ebb380719b0f9375dc,demo_ioc_request,LINK_USDT,-1,-2.149497563,1.274633281,0.874864282,1.074633281,-2.149497563,0.000000000,9.000,1085.000,,3.764,,,,,,,,,,,,,,,,1786795210585.844,1786795210588.120,1786795210588.126,1786795210589.608,,,,,,,,,,
1786795211600,71d6d7b64b4c42ebb380719b0f9375dc,demo_ioc_response,LINK_USDT,-1,-2.149497563,1.274633281,0.874864282,1.074633281,-2.149497563,0.000000000,9.000,1085.000,,3.764,,,,,,,,,,,,,,,,1786795210585.844,1786795210588.120,1786795210588.126,1786795210589.608,1786795210607.831,1786795210958.973,1786795211258.036,,,21.987,351.142,650.205,,
1786795211898,71d6d7b64b4c42ebb380719b0f9375dc,demo_position_visible,LINK_USDT,-1,-2.149497563,1.274633281,0.874864282,1.074633281,-2.149497563,0.000000000,9.000,1085.000,,,,,,,,,1075.2,200,,,,,,,,1786795210585.844,1786795210588.120,1786795210588.126,1786795210589.608,1786795210607.831,1786795210958.973,1786795211258.036,1786795211601.616,1786795211898.034,21.987,351.142,650.205,296.418,1312.190
1786795213822,71d6d7b64b4c42ebb380719b0f9375dc,demo_exit,LINK_USDT,-1,-2.149497563,1.274633281,0.874864282,1.074633281,-2.149497563,0.000000000,9.000,1085.000,,,2.150400000,2.149382053,2.149382053,0.000000000,microspread_converged,1336.916,1075.2,200,10004.736000000,2.000947200,2.001152800,-1.075200000,-5.077300000,0.000000000,-5.074905965,1786795210585.844,1786795210588.120,1786795210588.126,1786795210589.608,1786795210607.831,1786795210958.973,1786795211258.036,1786795211601.616,1786795211898.034,21.987,351.142,650.205,296.418,1312.190
1786795216321,27e83d95492b4abea656490245ecb9c4,crossing,LINK_USDT,1,3.224419632,1.274979844,1.949439788,1.074979844,3.224419632,0.000000000,0.000,68.000,,,,,,,,,,,,,,,,,,1786795216321.269,,,,,,,,,,,,,
1786795216323,27e83d95492b4abea656490245ecb9c4,demo_ioc_request,LINK_USDT,1,3.224419632,1.274979844,1.949439788,1.074979844,3.224419632,0.000000000,5.000,73.000,,2.097,,,,,,,,,,,,,,,,1786795216321.269,1786795216322.478,1786795216322.483,1786795216323.366,,,,,,,,,,
1786795217224,27e83d95492b4abea656490245ecb9c4,demo_ioc_response,LINK_USDT,1,3.224419632,1.274979844,1.949439788,1.074979844,3.224419632,0.000000000,5.000,73.000,,2.097,,,,,,,,,,,,,,,,1786795216321.269,1786795216322.478,1786795216322.483,1786795216323.366,1786795216344.387,1786795216643.114,1786795216917.246,,,23.118,298.727,572.859,,
1786795217541,27e83d95492b4abea656490245ecb9c4,demo_position_visible,LINK_USDT,1,3.224419632,1.274979844,1.949439788,1.074979844,3.224419632,0.000000000,5.000,73.000,,,,,,,,,1074.3,200,,,,,,,,1786795216321.269,1786795216322.478,1786795216322.483,1786795216323.366,1786795216344.387,1786795216643.114,1786795216917.246,1786795217225.539,1786795217541.630,23.118,298.727,572.859,316.092,1220.362
1786795219827,27e83d95492b4abea656490245ecb9c4,demo_exit,LINK_USDT,1,3.224419632,1.274979844,1.949439788,1.074979844,3.224419632,0.000000000,5.000,73.000,,,2.148600000,2.149844136,2.149844136,0.000000000,microspread_converged,1240.497,1074.3,200,9994.212900000,1.998842580,1.998557420,-1.074300000,-5.071700000,0.000000000,-5.074707084,1786795216321.269,1786795216322.478,1786795216322.483,1786795216323.366,1786795216344.387,1786795216643.114,1786795216917.246,1786795217225.539,1786795217541.630,23.118,298.727,572.859,316.092,1220.362
1786795286853,958f6105aa234dadbdd9bd1d82338647,crossing,LINK_USDT,-1,-7.513724542,1.272903814,6.240820728,1.072903814,-1.073076511,2.682619326,0.000,55.000,,,,,,,,,,,,,,,,,,1786795286853.052,,,,,,,,,,,,,
1786795286854,958f6105aa234dadbdd9bd1d82338647,demo_ioc_request,LINK_USDT,-1,-7.513724542,1.272903814,6.240820728,1.072903814,-1.073076511,2.682619326,3.000,58.000,,1.634,,,,,,,,,,,,,,,,1786795286853.052,1786795286853.990,1786795286853.994,1786795286854.687,,,,,,,,,,
1786795288530,958f6105aa234dadbdd9bd1d82338647,demo_ioc_response,LINK_USDT,-1,-7.513724542,1.272903814,6.240820728,1.072903814,-1.073076511,2.682619326,3.000,58.000,,1.634,,,,,,,,,,,,,,,,1786795286853.052,1786795286853.990,1786795286853.994,1786795286854.687,1786795286867.092,1786795287175.298,1786795288530.212,,,14.039,308.206,1663.121,,
1786795293948,958f6105aa234dadbdd9bd1d82338647,rejected,LINK_USDT,-1,-7.513724542,1.272903814,6.240820728,1.072903814,-1.073076511,2.682619326,3.000,58.000,demo_ioc_unfilled_or_pending,1.634,,,,,,,,,,,,,,,,1786795286853.052,1786795286853.990,1786795286853.994,1786795286854.687,1786795286867.092,1786795287175.298,1786795288530.212,1786795288532.268,,14.039,308.206,1663.121,,
1786795439495,93330765edf24adfa3609acb83b5f9f3,crossing,LINK_USDT,1,2.147881660,1.274056173,0.873825487,1.074056173,2.147881660,0.000000000,0.000,820.000,,,,,,,,,,,,,,,,,,1786795439495.768,,,,,,,,,,,,,
1786795439496,93330765edf24adfa3609acb83b5f9f3,demo_ioc_request,LINK_USDT,1,2.147881660,1.274056173,0.873825487,1.074056173,2.147881660,0.000000000,1.000,821.000,,0.942,,,,,,,,,,,,,,,,1786795439495.768,1786795439496.595,1786795439496.598,1786795439496.710,,,,,,,,,,
1786795440436,93330765edf24adfa3609acb83b5f9f3,demo_ioc_response,LINK_USDT,1,2.147881660,1.274056173,0.873825487,1.074056173,2.147881660,0.000000000,1.000,821.000,,0.942,,,,,,,,,,,,,,,,1786795439495.768,1786795439496.595,1786795439496.598,1786795439496.710,1786795439513.951,1786795439828.721,1786795440130.914,,,18.183,314.770,616.963,,
1786795440758,93330765edf24adfa3609acb83b5f9f3,demo_position_visible,LINK_USDT,1,2.147881660,1.274056173,0.873825487,1.074056173,2.147881660,0.000000000,1.000,821.000,,,,,,,,,1073.4,200,,,,,,,,1786795439495.768,1786795439496.595,1786795439496.598,1786795439496.710,1786795439513.951,1786795439828.721,1786795440130.914,1786795440437.286,1786795440758.144,18.183,314.770,616.963,320.858,1262.376
1786795442523,93330765edf24adfa3609acb83b5f9f3,demo_exit,LINK_USDT,1,2.147881660,1.274056173,0.873825487,1.074056173,2.147881660,0.000000000,1.000,821.000,,,-1.073400000,-1.073998496,0.000000000,-1.073998496,microspread_converged,1286.242,1073.4,200,9994.427400000,1.998885480,1.998614520,-1.073400000,-5.070900000,0.000000000,-5.073783697,1786795439495.768,1786795439496.595,1786795439496.598,1786795439496.710,1786795439513.951,1786795439828.721,1786795440130.914,1786795440437.286,1786795440758.144,18.183,314.770,616.963,320.858,1262.376
1786795448827,18e50fa0e87c4ba2ac16c3682f693c8b,crossing,LINK_USDT,-1,-1.610925663,1.273825503,0.337100160,1.073825503,-0.536927166,0.000000000,0.000,494.000,,,,,,,,,,,,,,,,,,1786795448827.221,,,,,,,,,,,,,
1786795448827,18e50fa0e87c4ba2ac16c3682f693c8b,demo_ioc_request,LINK_USDT,-1,-1.610925663,1.273825503,0.337100160,1.073825503,-0.536927166,0.000000000,2.000,496.000,,0.747,,,,,,,,,,,,,,,,1786795448827.221,1786795448827.758,1786795448827.761,1786795448827.969,,,,,,,,,,
1786795449740,18e50fa0e87c4ba2ac16c3682f693c8b,demo_ioc_response,LINK_USDT,-1,-1.610925663,1.273825503,0.337100160,1.073825503,-0.536927166,0.000000000,2.000,496.000,,0.747,,,,,,,,,,,,,,,,1786795448827.221,1786795448827.758,1786795448827.761,1786795448827.969,1786795448842.440,1786795449183.195,1786795449460.124,,,15.219,340.755,617.684,,
1786795450031,18e50fa0e87c4ba2ac16c3682f693c8b,demo_position_visible,LINK_USDT,-1,-1.610925663,1.273825503,0.337100160,1.073825503,-0.536927166,0.000000000,2.000,496.000,,,,,,,,,1074.5,200,,,,,,,,1786795448827.221,1786795448827.758,1786795448827.761,1786795448827.969,1786795448842.440,1786795449183.195,1786795449460.124,1786795449741.782,1786795450031.723,15.219,340.755,617.684,289.941,1204.502
1786795451243,18e50fa0e87c4ba2ac16c3682f693c8b,demo_exit,LINK_USDT,-1,-1.610925663,1.273825503,0.337100160,1.073825503,-0.536927166,0.000000000,2.000,496.000,,,-0.000000000,-0.000000000,0.000000000,0.000000000,microspread_reversed,1232.492,1074.5,200,10005.744000000,2.000933900,2.001066100,-1.074500000,-5.076500000,2.684289915,-5.074213296,1786795448827.221,1786795448827.758,1786795448827.761,1786795448827.969,1786795448842.440,1786795449183.195,1786795449460.124,1786795449741.782,1786795450031.723,15.219,340.755,617.684,289.941,1204.502
1786795519701,cc401da34aaf48949484614308ece97a,crossing,LINK_USDT,1,4.292075821,1.273249262,3.018826559,1.073249262,4.292075821,0.000000000,0.000,505.000,,,,,,,,,,,,,,,,,,1786795519701.658,,,,,,,,,,,,,
1786795519704,cc401da34aaf48949484614308ece97a,demo_ioc_request,LINK_USDT,1,4.292075821,1.273249262,3.018826559,1.073249262,4.292075821,0.000000000,6.000,511.000,,2.548,,,,,,,,,,,,,,,,1786795519701.658,1786795519703.598,1786795519703.604,1786795519704.206,,,,,,,,,,
1786795520606,cc401da34aaf48949484614308ece97a,demo_ioc_response,LINK_USDT,1,4.292075821,1.273249262,3.018826559,1.073249262,4.292075821,0.000000000,6.000,511.000,,2.548,,,,,,,,,,,,,,,,1786795519701.658,1786795519703.598,1786795519703.604,1786795519704.206,1786795519721.430,1786795520034.406,1786795520318.106,,,19.773,312.976,596.675,,
1786795520888,cc401da34aaf48949484614308ece97a,demo_position_visible,LINK_USDT,1,4.292075821,1.273249262,3.018826559,1.073249262,4.292075821,0.000000000,6.000,511.000,,,,,,,,,1072.6,200,,,,,,,,1786795519701.658,1786795519703.598,1786795519703.604,1786795519704.206,1786795519721.430,1786795520034.406,1786795520318.106,1786795520607.224,1786795520888.825,19.773,312.976,596.675,281.601,1187.167
1786795522097,cc401da34aaf48949484614308ece97a,demo_exit,LINK_USDT,1,4.292075821,1.273249262,3.018826559,1.073249262,4.292075821,0.000000000,6.000,511.000,,,7.508200000,7.512341704,7.512341704,0.000000000,microspread_reversed,1203.805,1072.6,200,9994.486800000,1.998897360,1.998602640,-1.072600000,-5.070100000,-5.364806996,-5.072977034,1786795519701.658,1786795519703.598,1786795519703.604,1786795519704.206,1786795519721.430,1786795520034.406,1786795520318.106,1786795520607.224,1786795520888.825,19.773,312.976,596.675,281.601,1187.167
1786795534170,a7f0251f621840a19995f5b6f7b26b67,crossing,LINK_USDT,-1,-1.608104852,1.271983706,0.336121146,1.071983706,-1.608104852,0.000000000,0.000,296.000,,,,,,,,,,,,,,,,,,1786795534170.266,,,,,,,,,,,,,
1786795534172,a7f0251f621840a19995f5b6f7b26b67,demo_ioc_request,LINK_USDT,-1,-1.608104852,1.271983706,0.336121146,1.071983706,-1.608104852,0.000000000,4.000,300.000,,1.777,,,,,,,,,,,,,,,,1786795534170.266,1786795534171.403,1786795534171.406,1786795534172.043,,,,,,,,,,
1786795535103,a7f0251f621840a19995f5b6f7b26b67,demo_ioc_response,LINK_USDT,-1,-1.608104852,1.271983706,0.336121146,1.071983706,-1.608104852,0.000000000,4.000,300.000,,1.777,,,,,,,,,,,,,,,,1786795534170.266,1786795534171.403,1786795534171.406,1786795534172.043,1786795534190.327,1786795534496.389,1786795534794.536,,,20.061,306.062,604.209,,
1786795535417,a7f0251f621840a19995f5b6f7b26b67,demo_position_visible,LINK_USDT,-1,-1.608104852,1.271983706,0.336121146,1.071983706,-1.608104852,0.000000000,4.000,300.000,,,,,,,,,1072.6,200,,,,,,,,1786795534170.266,1786795534171.403,1786795534171.406,1786795534172.043,1786795534190.327,1786795534496.389,1786795534794.536,1786795535103.948,1786795535417.312,20.061,306.062,604.209,313.364,1247.046
1786795536682,a7f0251f621840a19995f5b6f7b26b67,demo_exit,LINK_USDT,-1,-1.608104852,1.271983706,0.336121146,1.071983706,-1.608104852,0.000000000,4.000,300.000,,,-0.000000000,-0.000000000,0.000000000,0.000000000,microspread_converged,1271.163,1072.6,200,10005.212800000,2.001042560,2.001157440,-1.072600000,-5.074800000,0.000000000,-5.072255575,1786795534170.266,1786795534171.403,1786795534171.406,1786795534172.043,1786795534190.327,1786795534496.389,1786795534794.536,1786795535103.948,1786795535417.312,20.061,306.062,604.209,313.364,1247.046
1786795537686,20770896bd08460b875acaaa9142c519,crossing,LINK_USDT,1,2.143967420,1.272098633,0.871868787,1.072098633,2.143967420,0.000000000,0.000,820.000,,,,,,,,,,,,,,,,,,1786795537686.472,,,,,,,,,,,,,
1786795537688,20770896bd08460b875acaaa9142c519,demo_ioc_request,LINK_USDT,1,2.143967420,1.272098633,0.871868787,1.072098633,2.143967420,0.000000000,3.000,823.000,,1.673,,,,,,,,,,,,,,,,1786795537686.472,1786795537687.657,1786795537687.661,1786795537688.146,,,,,,,,,,
1786795538362,20770896bd08460b875acaaa9142c519,demo_ioc_response,LINK_USDT,1,2.143967420,1.272098633,0.871868787,1.072098633,2.143967420,0.000000000,3.000,823.000,,1.673,,,,,,,,,,,,,,,,1786795537686.472,1786795537687.657,1786795537687.661,1786795537688.146,1786795537709.760,1786795538048.382,1786795538362.953,,,23.287,338.623,653.194,,
1786795543734,20770896bd08460b875acaaa9142c519,rejected,LINK_USDT,1,2.143967420,1.272098633,0.871868787,1.072098633,2.143967420,0.000000000,3.000,823.000,demo_ioc_unfilled_or_pending,1.673,,,,,,,,,,,,,,,,1786795537686.472,1786795537687.657,1786795537687.661,1786795537688.146,1786795537709.760,1786795538048.382,1786795538362.953,1786795538364.218,,23.287,338.623,653.194,,
1786795596837,3cedb4931f5f4b71bd5e804b81f8b6cb,crossing,LINK_USDT,-1,-1.607817426,1.271524243,0.336293183,1.071524243,-2.679169473,0.000000000,0.000,77.000,,,,,,,,,,,,,,,,,,1786795596837.944,,,,,,,,,,,,,
1786795596839,3cedb4931f5f4b71bd5e804b81f8b6cb,demo_ioc_request,LINK_USDT,-1,-1.607817426,1.271524243,0.336293183,1.071524243,-2.679169473,0.000000000,1.000,78.000,,1.177,,,,,,,,,,,,,,,,1786795596837.944,1786795596838.765,1786795596838.771,1786795596839.120,,,,,,,,,,
1786795598628,3cedb4931f5f4b71bd5e804b81f8b6cb,demo_ioc_response,LINK_USDT,-1,-1.607817426,1.271524243,0.336293183,1.071524243,-2.679169473,0.000000000,1.000,78.000,,1.177,,,,,,,,,,,,,,,,1786795596837.944,1786795596838.765,1786795596838.771,1786795596839.120,1786795596855.332,1786795597192.655,1786795598628.294,,,17.388,337.323,1772.963,,
1786795603948,3cedb4931f5f4b71bd5e804b81f8b6cb,rejected,LINK_USDT,-1,-1.607817426,1.271524243,0.336293183,1.071524243,-2.679169473,0.000000000,1.000,78.000,demo_ioc_unfilled_or_pending,1.177,,,,,,,,,,,,,,,,1786795596837.944,1786795596838.765,1786795596838.771,1786795596839.120,1786795596855.332,1786795597192.655,1786795598628.294,1786795598629.167,,17.388,337.323,1772.963,,
1786795609915,da9da59df7e94f2eb576ef8cee34ea44,crossing,LINK_USDT,1,1.607329426,1.271639072,0.335690354,1.071639072,1.607329426,0.000000000,0.000,286.000,,,,,,,,,,,,,,,,,,1786795609915.711,,,,,,,,,,,,,
1786795609917,da9da59df7e94f2eb576ef8cee34ea44,demo_ioc_request,LINK_USDT,1,1.607329426,1.271639072,0.335690354,1.071639072,1.607329426,0.000000000,5.000,291.000,,1.411,,,,,,,,,,,,,,,,1786795609915.711,1786795609916.743,1786795609916.748,1786795609917.122,,,,,,,,,,
1786795611741,da9da59df7e94f2eb576ef8cee34ea44,demo_ioc_response,LINK_USDT,1,1.607329426,1.271639072,0.335690354,1.071639072,1.607329426,0.000000000,5.000,291.000,,1.411,,,,,,,,,,,,,,,,1786795609915.711,1786795609916.743,1786795609916.748,1786795609917.122,1786795609935.167,1786795610248.982,1786795611741.620,,,19.456,313.815,1806.453,,
1786795614280,da9da59df7e94f2eb576ef8cee34ea44,demo_position_visible,LINK_USDT,1,1.607329426,1.271639072,0.335690354,1.071639072,1.607329426,0.000000000,5.000,291.000,,,,,,,,,1071.2,200,,,,,,,,1786795609915.711,1786795609916.743,1786795609916.748,1786795609917.122,1786795609935.167,1786795610248.982,1786795611741.620,1786795611742.666,1786795614280.009,19.456,313.815,1806.453,2537.343,4364.298
1786795621315,da9da59df7e94f2eb576ef8cee34ea44,demo_exit,LINK_USDT,1,1.607329426,1.271639072,0.335690354,1.071639072,1.607329426,0.000000000,5.000,291.000,,,4.284800000,4.286326618,4.286326618,0.000000000,microspread_converged,4382.007,1071.2,200,9996.438400000,0.000000000,3.999000000,6.427200000,2.428200000,0.000000000,4.429581994,1786795609915.711,1786795609916.743,1786795609916.748,1786795609917.122,1786795609935.167,1786795610248.982,1786795611741.620,1786795611742.666,1786795614280.009,19.456,313.815,1806.453,2537.343,4364.298
1786795642478,694038abd1e14186bdad86d67592aaeb,crossing,LINK_USDT,-1,-2.141900945,1.270835787,0.871065158,1.070835787,-2.141900945,0.000000000,0.000,191.000,,,,,,,,,,,,,,,,,,1786795642478.483,,,,,,,,,,,,,
1786795642479,694038abd1e14186bdad86d67592aaeb,demo_ioc_request,LINK_USDT,-1,-2.141900945,1.270835787,0.871065158,1.070835787,-2.141900945,0.000000000,3.000,194.000,,1.467,,,,,,,,,,,,,,,,1786795642478.483,1786795642479.632,1786795642479.636,1786795642479.949,,,,,,,,,,
1786795644276,694038abd1e14186bdad86d67592aaeb,demo_ioc_response,LINK_USDT,-1,-2.141900945,1.270835787,0.871065158,1.070835787,-2.141900945,0.000000000,3.000,194.000,,1.467,,,,,,,,,,,,,,,,1786795642478.483,1786795642479.632,1786795642479.636,1786795642479.949,1786795642497.755,1786795642835.442,1786795644276.809,,,19.273,337.687,1779.054,,
1786795649637,694038abd1e14186bdad86d67592aaeb,rejected,LINK_USDT,-1,-2.141900945,1.270835787,0.871065158,1.070835787,-2.141900945,0.000000000,3.000,194.000,demo_ioc_unfilled_or_pending,1.467,,,,,,,,,,,,,,,,1786795642478.483,1786795642479.632,1786795642479.636,1786795642479.949,1786795642497.755,1786795642835.442,1786795644276.809,1786795644277.547,,19.273,337.687,1779.054,,
1786795684969,65535395a4034c95bb6d0ebd7e174ca1,crossing,DOGE_USDT,-1,-2.856122833,1.627857500,1.228265333,1.427857500,-2.856122833,0.000000000,0.000,181.000,,,,,,,,,,,,,,,,,,1786795684969.469,,,,,,,,,,,,,
1786795684970,65535395a4034c95bb6d0ebd7e174ca1,demo_ioc_request,DOGE_USDT,-1,-2.856122833,1.627857500,1.228265333,1.427857500,-2.856122833,0.000000000,2.000,183.000,,1.169,,,,,,,,,,,,,,,,1786795684969.469,1786795684970.250,1786795684970.253,1786795684970.638,,,,,,,,,,
1786795685957,65535395a4034c95bb6d0ebd7e174ca1,demo_ioc_response,DOGE_USDT,-1,-2.856122833,1.627857500,1.228265333,1.427857500,-2.856122833,0.000000000,2.000,183.000,,1.169,,,,,,,,,,,,,,,,1786795684969.469,1786795684970.250,1786795684970.253,1786795684970.638,1786795684986.241,1786795685298.894,1786795685603.995,,,16.771,312.653,617.754,,
1786795686244,65535395a4034c95bb6d0ebd7e174ca1,demo_position_visible,DOGE_USDT,-1,-2.856122833,1.627857500,1.228265333,1.427857500,-2.856122833,0.000000000,2.000,183.000,,,,,,,,,142800,200,,,,,,,,1786795684969.469,1786795684970.250,1786795684970.253,1786795684970.638,1786795684986.241,1786795685298.894,1786795685603.995,1786795685958.685,1786795686244.853,16.771,312.653,617.754,286.168,1275.384
1786795687501,65535395a4034c95bb6d0ebd7e174ca1,demo_exit,DOGE_USDT,-1,-2.856122833,1.627857500,1.228265333,1.427857500,-2.856122833,0.000000000,2.000,183.000,,,2.856000000,2.855918892,2.855918892,0.000000000,microspread_converged,1297.764,142800,200,10000.284000000,2.000056800,2.000243200,-1.428000000,-5.428300000,0.000000000,-5.428245038,1786795684969.469,1786795684970.250,1786795684970.253,1786795684970.638,1786795684986.241,1786795685298.894,1786795685603.995,1786795685958.685,1786795686244.853,16.771,312.653,617.754,286.168,1275.384
1786795730479,71a0a2dadd1a424395fca34b8b535da1,crossing,LINK_USDT,1,2.140983790,1.270606499,0.870377292,1.070606499,2.140983790,0.000000000,0.000,313.000,,,,,,,,,,,,,,,,,,1786795730479.449,,,,,,,,,,,,,
1786795730480,71a0a2dadd1a424395fca34b8b535da1,demo_ioc_request,LINK_USDT,1,2.140983790,1.270606499,0.870377292,1.070606499,2.140983790,0.000000000,2.000,315.000,,1.240,,,,,,,,,,,,,,,,1786795730479.449,1786795730480.491,1786795730480.494,1786795730480.690,,,,,,,,,,
1786795731477,71a0a2dadd1a424395fca34b8b535da1,demo_ioc_response,LINK_USDT,1,2.140983790,1.270606499,0.870377292,1.070606499,2.140983790,0.000000000,2.000,315.000,,1.240,,,,,,,,,,,,,,,,1786795730479.449,1786795730480.491,1786795730480.494,1786795730480.690,1786795730494.535,1786795730839.374,1786795731143.178,,,15.085,344.839,648.643,,
1786795731764,71a0a2dadd1a424395fca34b8b535da1,demo_position_visible,LINK_USDT,1,2.140983790,1.270606499,0.870377292,1.070606499,2.140983790,0.000000000,2.000,315.000,,,,,,,,,1069.9,200,,,,,,,,1786795730479.449,1786795730480.491,1786795730480.494,1786795730480.690,1786795730494.535,1786795730839.374,1786795731143.178,1786795731478.470,1786795731764.315,15.085,344.839,648.643,285.844,1284.865
1786795733028,71a0a2dadd1a424395fca34b8b535da1,demo_exit,LINK_USDT,1,2.140983790,1.270606499,0.870377292,1.070606499,2.140983790,0.000000000,2.000,315.000,,,-1.069900000,-1.070549192,0.000000000,-1.070549192,microspread_converged,1301.844,1069.9,200,9993.935900000,1.998787180,1.998512820,-1.069900000,-5.067200000,0.000000000,-5.070335082,1786795730479.449,1786795730480.491,1786795730480.494,1786795730480.690,1786795730494.535,1786795730839.374,1786795731143.178,1786795731478.470,1786795731764.315,15.085,344.839,648.643,285.844,1284.865
1786795760849,a8b0f547fb67494d8ad012739611c8c6,crossing,LINK_USDT,-1,-4.282426060,1.270377308,3.012048752,1.070377308,-4.282426060,0.000000000,0.000,230.000,,,,,,,,,,,,,,,,,,1786795760849.654,,,,,,,,,,,,,
1786795760850,a8b0f547fb67494d8ad012739611c8c6,demo_ioc_request,LINK_USDT,-1,-4.282426060,1.270377308,3.012048752,1.070377308,-4.282426060,0.000000000,2.000,232.000,,0.998,,,,,,,,,,,,,,,,1786795760849.654,1786795760850.310,1786795760850.312,1786795760850.652,,,,,,,,,,
1786795761443,a8b0f547fb67494d8ad012739611c8c6,demo_ioc_response,LINK_USDT,-1,-4.282426060,1.270377308,3.012048752,1.070377308,-4.282426060,0.000000000,2.000,232.000,,0.998,,,,,,,,,,,,,,,,1786795760849.654,1786795760850.310,1786795760850.312,1786795760850.652,1786795760862.114,1786795761166.973,1786795761443.605,,,12.460,304.859,581.491,,
1786795766773,a8b0f547fb67494d8ad012739611c8c6,rejected,LINK_USDT,-1,-4.282426060,1.270377308,3.012048752,1.070377308,-4.282426060,0.000000000,2.000,232.000,demo_ioc_unfilled_or_pending,0.998,,,,,,,,,,,,,,,,1786795760849.654,1786795760850.310,1786795760850.312,1786795760850.652,1786795760862.114,1786795761166.973,1786795761443.605,1786795761444.753,,12.460,304.859,581.491,,
1786795774259,fb88fec8faa647ff9762063e570a0762,crossing,XRP_USDT,1,1.996306839,1.198253057,0.798053782,0.998253057,1.996306839,0.000000000,0.000,951.000,,,,,,,,,,,,,,,,,,1786795774259.964,,,,,,,,,,,,,
1786795774261,fb88fec8faa647ff9762063e570a0762,demo_ioc_request,XRP_USDT,1,1.996306839,1.198253057,0.798053782,0.998253057,1.996306839,0.000000000,1.000,952.000,,1.177,,,,,,,,,,,,,,,,1786795774259.964,1786795774260.789,1786795774260.791,1786795774261.142,,,,,,,,,,
1786795775203,fb88fec8faa647ff9762063e570a0762,demo_ioc_response,XRP_USDT,1,1.996306839,1.198253057,0.798053782,0.998253057,1.996306839,0.000000000,1.000,952.000,,1.177,,,,,,,,,,,,,,,,1786795774259.964,1786795774260.789,1786795774260.791,1786795774261.142,1786795774273.174,1786795774577.035,1786795774886.072,,,13.209,303.862,612.898,,
1786795775506,fb88fec8faa647ff9762063e570a0762,demo_position_visible,XRP_USDT,1,1.996306839,1.198253057,0.798053782,0.998253057,1.996306839,0.000000000,1.000,952.000,,,,,,,,,9976,200,,,,,,,,1786795774259.964,1786795774260.789,1786795774260.791,1786795774261.142,1786795774273.174,1786795774577.035,1786795774886.072,1786795775204.837,1786795775506.243,13.209,303.862,612.898,301.406,1246.279
1786795777441,fb88fec8faa647ff9762063e570a0762,demo_exit,XRP_USDT,1,1.996306839,1.198253057,0.798053782,0.998253057,1.996306839,0.000000000,1.000,952.000,,,0.997600000,0.998203234,0.998203234,0.000000000,microspread_converged,1263.754,9976,200,9993.956800000,1.998791360,1.998908640,0.997600000,-3.000100000,0.000000000,-3.001996406,1786795774259.964,1786795774260.789,1786795774260.791,1786795774261.142,1786795774273.174,1786795774577.035,1786795774886.072,1786795775204.837,1786795775506.243,13.209,303.862,612.898,301.406,1246.279
1786795789244,bdee8fa3bdb34a4db52dad87901a8e0f,crossing,LINK_USDT,1,2.137779190,1.269690325,0.868088865,1.069690325,5.347021836,0.000000000,0.000,185.000,,,,,,,,,,,,,,,,,,1786795789244.367,,,,,,,,,,,,,
1786795789245,bdee8fa3bdb34a4db52dad87901a8e0f,demo_ioc_request,LINK_USDT,1,2.137779190,1.269690325,0.868088865,1.069690325,5.347021836,0.000000000,4.000,189.000,,1.367,,,,,,,,,,,,,,,,1786795789244.367,1786795789245.354,1786795789245.356,1786795789245.735,,,,,,,,,,
1786795790225,bdee8fa3bdb34a4db52dad87901a8e0f,demo_ioc_response,LINK_USDT,1,2.137779190,1.269690325,0.868088865,1.069690325,5.347021836,0.000000000,4.000,189.000,,1.367,,,,,,,,,,,,,,,,1786795789244.367,1786795789245.354,1786795789245.356,1786795789245.735,1786795789256.760,1786795789596.302,1786795789909.270,,,12.393,339.542,652.510,,
1786795790528,bdee8fa3bdb34a4db52dad87901a8e0f,demo_position_visible,LINK_USDT,1,2.137779190,1.269690325,0.868088865,1.069690325,5.347021836,0.000000000,4.000,189.000,,,,,,,,,1069,200,,,,,,,,1786795789244.367,1786795789245.354,1786795789245.356,1786795789245.735,1786795789256.760,1786795789596.302,1786795789909.270,1786795790226.930,1786795790528.597,12.393,339.542,652.510,301.668,1284.230
1786795791760,bdee8fa3bdb34a4db52dad87901a8e0f,demo_exit,LINK_USDT,1,2.137779190,1.269690325,0.868088865,1.069690325,5.347021836,0.000000000,4.000,189.000,,,1.069000000,1.069633116,1.069633116,0.000000000,microspread_reversed,1305.669,1069,200,9994.081000000,1.998816200,1.998583800,-1.069000000,-5.066400000,-1.070548311,-5.069419189,1786795789244.367,1786795789245.354,1786795789245.356,1786795789245.735,1786795789256.760,1786795789596.302,1786795789909.270,1786795790226.930,1786795790528.597,12.393,339.542,652.510,301.668,1284.230
1786795794651,33b9df40658a4b2f8eded9c61807366b,crossing,LINK_USDT,-1,-3.743358709,3.407012668,0.336346042,3.207012668,-1.069061365,0.000000000,0.000,41.000,,,,,,,,,,,,,,,,,,1786795794651.519,,,,,,,,,,,,,
1786795794653,33b9df40658a4b2f8eded9c61807366b,demo_ioc_request,LINK_USDT,-1,-3.743358709,3.407012668,0.336346042,3.207012668,-1.069061365,0.000000000,4.000,45.000,,2.325,,,,,,,,,,,,,,,,1786795794651.519,1786795794652.973,1786795794652.977,1786795794653.843,,,,,,,,,,
1786795795318,33b9df40658a4b2f8eded9c61807366b,demo_ioc_response,LINK_USDT,-1,-3.743358709,3.407012668,0.336346042,3.207012668,-1.069061365,0.000000000,4.000,45.000,,2.325,,,,,,,,,,,,,,,,1786795794651.519,1786795794652.973,1786795794652.977,1786795794653.843,1786795794666.788,1786795795016.230,1786795795318.649,,,15.269,349.442,651.861,,
1786795800676,33b9df40658a4b2f8eded9c61807366b,rejected,LINK_USDT,-1,-3.743358709,3.407012668,0.336346042,3.207012668,-1.069061365,0.000000000,4.000,45.000,demo_ioc_unfilled_or_pending,2.325,,,,,,,,,,,,,,,,1786795794651.519,1786795794652.973,1786795794652.977,1786795794653.843,1786795794666.788,1786795795016.230,1786795795318.649,1786795795320.185,,15.269,349.442,651.861,,
1786795816165,18b82e76b81445efb77900cadd5fe832,crossing,LINK_USDT,1,8.560556276,3.411475673,5.149080603,3.211475673,4.815538229,0.000000000,0.000,62.000,,,,,,,,,,,,,,,,,,1786795816165.438,,,,,,,,,,,,,
1786795816166,18b82e76b81445efb77900cadd5fe832,demo_ioc_request,LINK_USDT,1,8.560556276,3.411475673,5.149080603,3.211475673,4.815538229,0.000000000,4.000,66.000,,1.446,,,,,,,,,,,,,,,,1786795816165.438,1786795816166.419,1786795816166.423,1786795816166.884,,,,,,,,,,
1786795817127,18b82e76b81445efb77900cadd5fe832,demo_ioc_response,LINK_USDT,1,8.560556276,3.411475673,5.149080603,3.211475673,4.815538229,0.000000000,4.000,66.000,,1.446,,,,,,,,,,,,,,,,1786795816165.438,1786795816166.419,1786795816166.423,1786795816166.884,1786795816180.315,1786795816515.943,1786795816798.893,,,14.877,335.628,618.578,,
1786795817448,18b82e76b81445efb77900cadd5fe832,demo_position_visible,LINK_USDT,1,8.560556276,3.411475673,5.149080603,3.211475673,4.815538229,0.000000000,4.000,66.000,,,,,,,,,1069.6,200,,,,,,,,1786795816165.438,1786795816166.419,1786795816166.423,1786795816166.884,1786795816180.315,1786795816515.943,1786795816798.893,1786795817128.593,1786795817448.022,14.877,335.628,618.578,319.429,1282.584
1786795819171,18b82e76b81445efb77900cadd5fe832,demo_exit,LINK_USDT,1,8.560556276,3.411475673,5.149080603,3.211475673,4.815538229,0.000000000,4.000,66.000,,,3.208800000,3.210960077,3.210960077,0.000000000,microspread_converged,1304.072,1069.6,200,9993.272800000,1.998868480,1.998631520,-1.069600000,-5.067100000,0.000000000,-5.069991438,1786795816165.438,1786795816166.419,1786795816166.423,1786795816166.884,1786795816180.315,1786795816515.943,1786795816798.893,1786795817128.593,1786795817448.022,14.877,335.628,618.578,319.429,1282.584
1786796000873,334da69227ae4609907d48d453c60c7b,crossing,LINK_USDT,-1,-2.140983790,1.270377308,0.870606482,1.070377308,-1.070549193,1.070434597,0.000,7.000,,,,,,,,,,,,,,,,,,1786796000873.911,,,,,,,,,,,,,
1786796000876,334da69227ae4609907d48d453c60c7b,demo_ioc_request,LINK_USDT,-1,-2.140983790,1.270377308,0.870606482,1.070377308,-1.070549193,1.070434597,5.000,12.000,,2.218,,,,,,,,,,,,,,,,1786796000873.911,1786796000875.616,1786796000875.621,1786796000876.129,,,,,,,,,,
1786796001521,334da69227ae4609907d48d453c60c7b,demo_ioc_response,LINK_USDT,-1,-2.140983790,1.270377308,0.870606482,1.070377308,-1.070549193,1.070434597,5.000,12.000,,2.218,,,,,,,,,,,,,,,,1786796000873.911,1786796000875.616,1786796000875.621,1786796000876.129,1786796000894.929,1786796001243.454,1786796001521.370,,,21.019,348.525,626.441,,
1786796007010,334da69227ae4609907d48d453c60c7b,rejected,LINK_USDT,-1,-2.140983790,1.270377308,0.870606482,1.070377308,-1.070549193,1.070434597,5.000,12.000,demo_ioc_unfilled_or_pending,2.218,,,,,,,,,,,,,,,,1786796000873.911,1786796000875.616,1786796000875.621,1786796000876.129,1786796000894.929,1786796001243.454,1786796001521.370,1786796001522.249,,21.019,348.525,626.441,,
