symbol,direction,entry_price,exit_price,entry_edge_bps,entry_spread_bps,pnl_bps,pnl_usdt,mfe_bps,mae_bps,duration_s,exit_reason,exit_trail_bps,execution_latency_ms
VELVET_USDT,LONG,1.1344,1.1346,9.638276,4.408588,1.763047,1.76304654,1.763047,-4.407616,2.158899,binance_reversal,,952.396
AKE_USDT,LONG,0.010257,0.010251,4.757904,0.974991,-5.849664,-5.84966364,0.000000,-5.849664,0.400343,adverse_cut,,963.286
AKE_USDT,SHORT,0.010246,0.010255,5.020738,5.854230,-8.783916,-8.78391567,0.000000,-8.783916,1.277315,adverse_cut,,968.281
AKE_USDT,LONG,0.010261,0.010272,3.563098,0.974611,10.720203,10.72020271,10.720203,-0.974564,0.400609,lead_lag_reversed,9.220203,984.312
VELVET_USDT,LONG,1.134,1.1344,8.229929,0.881873,3.527337,3.52733686,3.527337,-0.881834,0.778695,lead_lag_converged,0.500000,969.753
AKE_USDT,SHORT,0.010306,0.010307,4.085247,0.970261,-0.970309,-0.97030856,0.000000,-0.970309,0.659610,binance_reversal,,939.878
AKE_USDT,SHORT,0.010312,0.01032,8.406086,13.567206,-7.757952,-7.75795190,0.000000,-10.667184,0.490074,binance_reversal,,949.482
AKE_USDT,SHORT,0.010305,0.010309,16.740248,3.880858,-3.881611,-3.88161087,0.000000,-3.881611,0.060222,binance_reversal,,958.099
AKE_USDT,SHORT,0.010291,0.010296,2.406261,1.943257,-4.858614,-4.85861432,0.000000,-4.858614,0.842656,adverse_cut,,966.652
VELVET_USDT,SHORT,1.1348,1.1348,7.078993,2.643288,-0.000000,-0.00000000,0.000000,-2.643638,1.056404,binance_reversal,,978.015
AKE_USDT,SHORT,0.010294,0.010298,4.753482,1.942691,-3.885759,-3.88575869,0.000000,-3.885759,0.288952,adverse_cut,,964.324
VELVET_USDT,LONG,1.1327,1.1329,9.407180,5.298481,1.765693,1.76569259,1.765693,-5.297078,10.127827,binance_reversal,,977.604
AKE_USDT,SHORT,0.010313,0.010302,11.330523,2.908527,10.666150,10.66614952,12.605449,-2.908950,2.384066,binance_reversal,9.696923,948.740
VELVET_USDT,SHORT,1.1319,1.1336,15.704635,7.948073,-15.018995,-15.01899461,0.000000,-15.018995,2.993118,adverse_cut,,988.005
VELVET_USDT,LONG,1.1329,1.1315,23.714834,7.947371,-12.357666,-12.35766617,0.000000,-12.357666,0.065561,adverse_cut,,977.990
AKE_USDT,SHORT,0.010288,0.010293,3.786721,3.887269,-4.860031,-4.86003110,0.000000,-4.860031,0.450843,adverse_cut,,982.722
VELVET_USDT,SHORT,1.1304,1.1305,8.048044,0.884603,-0.884643,-0.88464260,0.000000,-0.884643,0.064012,binance_reversal,,973.330
VELVET_USDT,SHORT,1.1293,1.1302,5.091091,4.426542,-7.969539,-7.96953865,0.000000,-7.969539,0.404493,adverse_cut,,975.667
AKE_USDT,LONG,0.010355,0.010356,8.180908,5.795981,0.965717,0.96571704,0.965717,-5.794302,0.493156,lead_lag_reversed,,979.925
AKE_USDT,SHORT,0.010362,0.010365,50.639689,2.894775,-2.895194,-2.89519398,0.000000,-2.895194,0.228125,binance_reversal,,972.451
AKE_USDT,SHORT,0.010354,0.010355,28.911221,0.965764,-0.965810,-0.96581031,0.000000,-0.965810,0.177021,binance_reversal,,962.074
AKE_USDT,SHORT,0.010353,0.010342,22.675595,4.828352,10.624940,10.62493963,15.454458,-4.829518,2.474157,positive_trailing_stop,10.626106,972.838
AKE_USDT,LONG,0.010327,0.010357,4.486797,4.842850,29.050063,29.05006294,39.701753,-4.841677,6.535577,positive_trailing_stop,34.858903,980.039
VELVET_USDT,SHORT,1.132,1.1319,16.234133,7.064641,0.883392,0.88339223,0.883392,-7.067138,1.131675,lead_lag_reversed,,981.853
AKE_USDT,LONG,0.010378,0.010373,11.964865,4.819045,-4.817884,-4.81788399,0.000000,-4.817884,0.238719,binance_reversal,,945.078
AKE_USDT,LONG,0.010394,0.010392,6.824876,1.924372,-1.924187,-1.92418703,0.000000,-1.924187,0.062580,lead_lag_reversed,,963.506
AKE_USDT,SHORT,0.010401,0.010404,3.280582,1.922707,-2.884338,-2.88433804,0.000000,-2.884338,2.215382,adverse_cut,,981.422
VELVET_USDT,SHORT,1.1363,1.138,8.087625,6.158448,-14.960838,-14.96083781,0.000000,-14.960838,0.266997,adverse_cut,,957.701
VELVET_USDT,SHORT,1.1369,1.1382,10.541677,4.396957,-11.434603,-11.43460287,0.000000,-11.434603,1.634080,adverse_cut,,954.391
AKE_USDT,SHORT,0.01039,0.010396,6.126957,8.658425,-5.774783,-5.77478345,0.000000,-8.662175,4.081155,lead_lag_reversed,,952.153
AKE_USDT,LONG,0.010365,0.010365,8.274105,3.859886,0.000000,0.00000000,3.859141,-3.859141,3.333728,positive_trailing_stop,0.500000,953.699
AKE_USDT,LONG,0.010381,0.010387,21.780889,8.673445,5.779790,5.77979000,10.596282,-10.596282,6.033462,lead_lag_reversed,2.000000,958.904
VELVET_USDT,SHORT,1.1414,1.1437,13.993734,16.632381,-20.150692,-20.15069213,0.000000,-20.150692,0.184516,binance_reversal,,975.727
AKE_USDT,SHORT,0.010392,0.010392,8.662644,2.886419,-0.000000,-0.00000000,0.000000,-2.886836,0.617653,binance_reversal,,981.605
VELVET_USDT,SHORT,1.1404,1.1421,21.424936,11.393015,-14.907050,-14.90705016,0.000000,-14.907050,1.139022,adverse_cut,,985.090
VELVET_USDT,SHORT,1.1427,1.1444,17.709946,14.865987,-14.877046,-14.87704559,0.000000,-14.877046,0.063413,binance_reversal,,986.812
VELVET_USDT,SHORT,1.1413,1.1419,13.715535,7.007095,-5.257163,-5.25716288,0.000000,-7.009551,0.510468,binance_reversal,,1001.170
AKE_USDT,LONG,0.010386,0.010378,5.445471,1.925855,-7.702677,-7.70267668,0.000000,-7.702677,0.064009,adverse_cut,,983.753
VELVET_USDT,LONG,1.1415,1.1408,12.310286,6.134163,-6.132282,-6.13228208,0.000000,-6.132282,0.364591,binance_reversal,,979.994
AKE_USDT,SHORT,0.010376,0.010379,3.552656,0.963716,-2.891288,-2.89128759,0.000000,-2.891288,0.059309,adverse_cut,,942.165
VELVET_USDT,LONG,1.1406,1.1397,9.192256,6.139005,-7.890584,-7.89058390,0.000000,-7.890584,0.112642,adverse_cut,,1004.412
AKE_USDT,LONG,0.01039,0.010387,9.382876,1.925113,-2.887392,-2.88739172,3.849856,-2.887392,1.048074,positive_trailing_stop,0.500000,987.694
VELVET_USDT,LONG,1.1397,1.1382,9.283693,13.170025,-13.161358,-13.16135825,0.000000,-13.161358,0.066008,lead_lag_reversed,,987.712
AKE_USDT,SHORT,0.010406,0.010398,10.985334,0.960938,7.687872,7.68787238,10.570825,-0.960984,1.407555,positive_trailing_stop,9.070825,990.237
AKE_USDT,SHORT,0.010388,0.010392,8.385206,1.925113,-3.850597,-3.85059684,0.000000,-3.850597,0.062238,adverse_cut,,948.828
VELVET_USDT,SHORT,1.1356,1.1371,15.142334,9.681820,-13.208876,-13.20887636,0.000000,-13.208876,0.849455,adverse_cut,,973.094
AKE_USDT,LONG,0.010389,0.01038,18.819613,3.850968,-8.663009,-8.66300895,0.962557,-8.663009,2.723872,adverse_cut,,1388.302
AKE_USDT,SHORT,0.010508,0.010512,13.674445,3.805899,-3.806624,-3.80662352,0.000000,-3.806624,0.285988,binance_reversal,,940.280
AKE_USDT,SHORT,0.010506,0.010506,77.568311,8.562866,-0.000000,-0.00000000,0.000000,-8.566533,0.394536,binance_reversal,,985.997
AKE_USDT,SHORT,0.010495,0.010493,84.413383,2.858096,1.905669,1.90566937,1.905669,-2.858504,0.385958,binance_reversal,,986.530
AKE_USDT,SHORT,0.010481,0.01048,61.853098,1.908033,0.954107,0.95410743,0.954107,-1.908215,0.749557,lead_lag_reversed,,955.038
VELVET_USDT,LONG,1.1408,1.1404,5.603972,2.630079,-3.506311,-3.50631136,0.000000,-3.506311,0.067705,adverse_cut,,983.457
AKE_USDT,LONG,0.010484,0.010477,3.197708,5.724645,-6.676841,-6.67684090,0.000000,-6.676841,1.922375,lead_lag_reversed,,986.350
AKE_USDT,LONG,0.010477,0.010472,15.097593,5.728470,-4.772358,-4.77235850,0.000000,-5.726830,0.336387,lead_lag_reversed,,946.601
AKE_USDT,SHORT,0.010496,0.010505,23.821008,5.714830,-8.574695,-8.57469512,0.000000,-8.574695,0.852543,adverse_cut,,960.527
AKE_USDT,SHORT,0.010489,0.010493,2.821430,3.812792,-3.813519,-3.81351892,0.000000,-3.813519,0.061303,lead_lag_reversed,,975.380
AKE_USDT,SHORT,0.010464,0.010462,19.623352,0.955612,1.911315,1.91131498,1.911315,-0.955657,0.420691,lead_lag_reversed,,959.393
VELVET_USDT,LONG,1.1337,1.133,20.992693,6.176380,-6.174473,-6.17447296,0.000000,-6.174473,0.231964,binance_reversal,,981.710
AKE_USDT,LONG,0.010453,0.010471,8.799161,0.956709,17.219937,17.21993686,21.046589,-0.956663,2.543941,positive_trailing_stop,19.546589,979.771
VELVET_USDT,SHORT,1.1326,1.134,7.674072,6.178560,-12.360939,-12.36093943,0.000000,-12.360939,0.820776,adverse_cut,,941.480
AKE_USDT,SHORT,0.010459,0.010463,11.236159,3.823726,-3.824457,-3.82445741,0.000000,-3.824457,0.752549,binance_reversal,,945.966
AKE_USDT,SHORT,0.010461,0.010468,8.740968,4.778516,-6.691521,-6.69152089,0.000000,-6.691521,0.714253,adverse_cut,,973.944
AKE_USDT,LONG,0.010443,0.010436,26.131674,6.705302,-6.703055,-6.70305468,0.000000,-6.703055,0.122797,binance_reversal,,965.965
VELVET_USDT,SHORT,1.1338,1.1352,13.000767,6.172023,-12.347857,-12.34785676,0.000000,-12.347857,0.180213,adverse_cut,,949.912
AKE_USDT,LONG,0.010456,0.010449,9.894954,2.869578,-6.694721,-6.69472073,0.000000,-6.694721,0.397682,adverse_cut,,952.926
VELVET_USDT,LONG,1.1331,1.1314,12.667238,9.712595,-15.003089,-15.00308887,0.000000,-15.003089,2.432379,adverse_cut,,955.378
AKE_USDT,LONG,0.010475,0.010468,22.023982,2.864372,-6.682578,-6.68257757,2.863962,-6.682578,3.919765,adverse_cut,,949.097
VELVET_USDT,SHORT,1.1352,1.1366,11.937191,7.044734,-12.332629,-12.33262861,0.000000,-12.332629,0.248488,adverse_cut,,950.594
VELVET_USDT,SHORT,1.133,1.1343,13.033160,14.993165,-11.473963,-11.47396293,0.000000,-16.769638,1.431616,session_end,,956.961
